url,tweet_ids,author_ids,author_usernames,created_ats,url_title,tweet_count
https://twitter.com/zachxbt/status/1491359872235245573,"[1516211675959078913, 1516210079573454851, 1516160927988862976, 1516136387929649160, 1516133132772290564, 1516130394865020928]","[3012852462, 3012852462, 3012852462, 3012852462, 3012852462, 3012852462]","['zachxbt', 'zachxbt', 'zachxbt', 'zachxbt', 'zachxbt', 'zachxbt']","['2022-04-19T00:26:48+00:00', '2022-04-19T00:20:27+00:00', '2022-04-18T21:05:08+00:00', '2022-04-18T19:27:37+00:00', '2022-04-18T19:14:41+00:00', '2022-04-18T19:03:49+00:00']",,6
https://twitter.com/iamDCinvestor/status/1516890006010404865/photo/1,"[1516890006010404865, 1516890006010404865, 1516890006010404865, 1516890006010404865]","[956670268596015105, 956670268596015105, 956670268596015105, 956670268596015105]","['iamDCinvestor', 'iamDCinvestor', 'iamDCinvestor', 'iamDCinvestor']","['2022-04-20T21:22:14+00:00', '2022-04-20T21:22:14+00:00', '2022-04-20T21:22:14+00:00', '2022-04-20T21:22:14+00:00']",,4
https://twitter.com/limewire/status/1517107759464030210,"[1517349092518940673, 1517180202904080385, 1517240462557564928, 1517200750656507905]","[79714172, 2259434528, 2363290915, 313724502]","['zhusu', 'cobie', 'Melt_Dem', 'sassal0x']","['2022-04-22T03:46:29+00:00', '2022-04-21T16:35:22+00:00', '2022-04-21T20:34:49+00:00', '2022-04-21T17:57:01+00:00']",,4
https://twitter.com/gakonst/status/1516935624812482561/photo/1,"[1516935624812482561, 1516935624812482561, 1516935624812482561, 1516935624812482561]","[804029200315334656, 804029200315334656, 804029200315334656, 804029200315334656]","['gakonst', 'gakonst', 'gakonst', 'gakonst']","['2022-04-21T00:23:30+00:00', '2022-04-21T00:23:30+00:00', '2022-04-21T00:23:30+00:00', '2022-04-21T00:23:30+00:00']",,4
https://twitter.com/zachxbt/status/1516461006184136710/photo/1,"[1516461006184136710, 1516461006184136710, 1516461006184136710, 1516461006184136710]","[3012852462, 3012852462, 3012852462, 3012852462]","['zachxbt', 'zachxbt', 'zachxbt', 'zachxbt']","['2022-04-19T16:57:33+00:00', '2022-04-19T16:57:33+00:00', '2022-04-19T16:57:33+00:00', '2022-04-19T16:57:33+00:00']",,4
https://twitter.com/OrangeDAOxyz/status/1517218640046792708/photo/1,"[1517218640046792708, 1517218640046792708, 1517218640046792708, 1517218640046792708]","[1438586226341150721, 1438586226341150721, 1438586226341150721, 1438586226341150721]","['OrangeDAOxyz', 'OrangeDAOxyz', 'OrangeDAOxyz', 'OrangeDAOxyz']","['2022-04-21T19:08:07+00:00', '2022-04-21T19:08:07+00:00', '2022-04-21T19:08:07+00:00', '2022-04-21T19:08:07+00:00']",,4
https://twitter.com/zachxbt/status/1517388535099232256/photo/1,"[1517388535099232256, 1517388535099232256, 1517388535099232256, 1517388535099232256]","[3012852462, 3012852462, 3012852462, 3012852462]","['zachxbt', 'zachxbt', 'zachxbt', 'zachxbt']","['2022-04-22T06:23:13+00:00', '2022-04-22T06:23:13+00:00', '2022-04-22T06:23:13+00:00', '2022-04-22T06:23:13+00:00']",,4
https://twitter.com/zachxbt/status/1516129830873583617/photo/1,"[1516129830873583617, 1516129830873583617, 1516129830873583617]","[3012852462, 3012852462, 3012852462]","['zachxbt', 'zachxbt', 'zachxbt']","['2022-04-18T19:01:34+00:00', '2022-04-18T19:01:34+00:00', '2022-04-18T19:01:34+00:00']",,3
https://twitter.com/zachxbt/status/1516796726862045186/photo/1,"[1516796726862045186, 1516796726862045186, 1516796726862045186]","[3012852462, 3012852462, 3012852462]","['zachxbt', 'zachxbt', 'zachxbt']","['2022-04-20T15:11:35+00:00', '2022-04-20T15:11:35+00:00', '2022-04-20T15:11:35+00:00']",,3
https://twitter.com/zachxbt/status/1516070237493506056/photo/1,"[1516070237493506056, 1516070237493506056, 1516070237493506056]","[3012852462, 3012852462, 3012852462]","['zachxbt', 'zachxbt', 'zachxbt']","['2022-04-18T15:04:46+00:00', '2022-04-18T15:04:46+00:00', '2022-04-18T15:04:46+00:00']",,3
https://twitter.com/zachxbt/status/1516499157938315271/photo/1,"[1516499157938315271, 1516499157938315271, 1516499157938315271]","[3012852462, 3012852462, 3012852462]","['zachxbt', 'zachxbt', 'zachxbt']","['2022-04-19T19:29:09+00:00', '2022-04-19T19:29:09+00:00', '2022-04-19T19:29:09+00:00']",,3
https://twitter.com/tayvano_/status/1516539132322885632/photo/1,"[1516539132322885632, 1516539132322885632, 1516539132322885632]","[19748227, 19748227, 19748227]","['tayvano_', 'tayvano_', 'tayvano_']","['2022-04-19T22:07:59+00:00', '2022-04-19T22:07:59+00:00', '2022-04-19T22:07:59+00:00']",,3
https://twitter.com/zachxbt/status/1517177599943917568/photo/1,"[1517177599943917568, 1517177599943917568, 1517177599943917568]","[3012852462, 3012852462, 3012852462]","['zachxbt', 'zachxbt', 'zachxbt']","['2022-04-21T16:25:02+00:00', '2022-04-21T16:25:02+00:00', '2022-04-21T16:25:02+00:00']",,3
https://twitter.com/zachxbt/status/1516070185828073479/photo/1,"[1516070185828073479, 1516070185828073479, 1516070185828073479]","[3012852462, 3012852462, 3012852462]","['zachxbt', 'zachxbt', 'zachxbt']","['2022-04-18T15:04:34+00:00', '2022-04-18T15:04:34+00:00', '2022-04-18T15:04:34+00:00']",,3
https://twitter.com/zachxbt/status/1516129830873583617,"[1516797008572473346, 1516328671375675392, 1516138274246561794]","[3012852462, 5686612, 3012852462]","['zachxbt', 'mayazi', 'zachxbt']","['2022-04-20T15:12:42+00:00', '2022-04-19T08:11:41+00:00', '2022-04-18T19:35:07+00:00']",,3
https://twitter.com/zachxbt/status/1516499175713775621/photo/1,"[1516499175713775621, 1516499175713775621, 1516499175713775621]","[3012852462, 3012852462, 3012852462]","['zachxbt', 'zachxbt', 'zachxbt']","['2022-04-19T19:29:13+00:00', '2022-04-19T19:29:13+00:00', '2022-04-19T19:29:13+00:00']",,3
https://twitter.com/NeerajKA/status/1516939654720851977/photo/1,"[1516939654720851977, 1516939654720851977, 1516939654720851977]","[14710235, 14710235, 14710235]","['NeerajKA', 'NeerajKA', 'NeerajKA']","['2022-04-21T00:39:31+00:00', '2022-04-21T00:39:31+00:00', '2022-04-21T00:39:31+00:00']",,3
https://opensea.io/collection/the-infinite-machine-collection,"[1517645902239916032, 1517246747202007043]","[421271885, 421271885]","['CamiRusso', 'CamiRusso']","['2022-04-22T23:25:54+00:00', '2022-04-21T20:59:48+00:00']",,2
https://twitter.com/cobie/status/1516576803661430784/photo/1,"[1516576803661430784, 1516576803661430784]","[2259434528, 2259434528]","['cobie', 'cobie']","['2022-04-20T00:37:41+00:00', '2022-04-20T00:37:41+00:00']",,2
https://streameth.tv/event/mev-day,"[1517445546776084481, 1517429860997767169]","[566534886, 566534886]","['hasufl', 'hasufl']","['2022-04-22T10:09:45+00:00', '2022-04-22T09:07:26+00:00']",mev.day · StreamETH,2
https://twitter.com/zachxbt/status/1516575579239325697/photo/1,"[1516575579239325697, 1516575579239325697]","[3012852462, 3012852462]","['zachxbt', 'zachxbt']","['2022-04-20T00:32:49+00:00', '2022-04-20T00:32:49+00:00']",,2
https://twitter.com/blockchainassn/status/1517637109368164358,"[1517641167223070720, 1517639527476699138]","[2193616844, 2193616844]","['twobitidiot', 'twobitidiot']","['2022-04-22T23:07:05+00:00', '2022-04-22T23:00:34+00:00']",,2
https://twitter.com/zachxbt/status/1516499190414782470/photo/1,"[1516499190414782470, 1516499190414782470]","[3012852462, 3012852462]","['zachxbt', 'zachxbt']","['2022-04-19T19:29:16+00:00', '2022-04-19T19:29:16+00:00']",,2
https://twitter.com/Timcast/status/1516542117073633284,"[1516543316866867203, 1516543212785131523]","[420308365, 420308365]","['nic__carter', 'nic__carter']","['2022-04-19T22:24:37+00:00', '2022-04-19T22:24:12+00:00']",,2
https://twitter.com/zachxbt/status/1517531971173314560/photo/1,"[1517531971173314560, 1517531971173314560]","[3012852462, 3012852462]","['zachxbt', 'zachxbt']","['2022-04-22T15:53:10+00:00', '2022-04-22T15:53:10+00:00']",,2
https://twitter.com/sgoldfed/status/1516896690019647488,"[1517229407244623872, 1517169398875787264]","[24809221, 313724502]","['kaiynne', 'sassal0x']","['2022-04-21T19:50:54+00:00', '2022-04-21T15:52:26+00:00']",,2
https://twitter.com/zachxbt/status/1517531460156145667/photo/1,"[1517531460156145667, 1517531460156145667]","[3012852462, 3012852462]","['zachxbt', 'zachxbt']","['2022-04-22T15:51:09+00:00', '2022-04-22T15:51:09+00:00']",,2
https://twitter.com/cobie/status/1517342327186268160/photo/1,"[1517342327186268160, 1517342327186268160]","[2259434528, 2259434528]","['cobie', 'cobie']","['2022-04-22T03:19:36+00:00', '2022-04-22T03:19:36+00:00']",,2
https://twitter.com/dougfeagin/status/1516821417513213954,"[1516823103136886785, 1516825158010359809]","[804029200315334656, 44322763]","['gakonst', 'matthuang']","['2022-04-20T16:56:23+00:00', '2022-04-20T17:04:33+00:00']",,2
https://twitter.com/zachxbt/status/1517223430785060865/photo/1,"[1517223430785060865, 1517223430785060865]","[3012852462, 3012852462]","['zachxbt', 'zachxbt']","['2022-04-21T19:27:09+00:00', '2022-04-21T19:27:09+00:00']",,2
https://twitter.com/BlockchainAssn/status/1517637109368164358,"[1517639370014134273, 1517638364165509122]","[2363290915, 47003920]","['Melt_Dem', 'jchervinsky']","['2022-04-22T22:59:56+00:00', '2022-04-22T22:55:57+00:00']",,2
https://twitter.com/zachxbt/status/1517177581711335425/photo/1,"[1517177581711335425, 1517177581711335425]","[3012852462, 3012852462]","['zachxbt', 'zachxbt']","['2022-04-21T16:24:57+00:00', '2022-04-21T16:24:57+00:00']",,2
https://twitter.com/zachxbt/status/1517177562723762177/photo/1,"[1517177562723762177, 1517177562723762177]","[3012852462, 3012852462]","['zachxbt', 'zachxbt']","['2022-04-21T16:24:53+00:00', '2022-04-21T16:24:53+00:00']",,2
https://twitter.com/zachxbt/status/1516499182219153408/photo/1,"[1516499182219153408, 1516499182219153408]","[3012852462, 3012852462]","['zachxbt', 'zachxbt']","['2022-04-19T19:29:14+00:00', '2022-04-19T19:29:14+00:00']",,2
https://twitter.com/zhusu/status/1517476796501229575/photo/1,"[1517476796501229575, 1517476796501229575]","[79714172, 79714172]","['zhusu', 'zhusu']","['2022-04-22T12:13:56+00:00', '2022-04-22T12:13:56+00:00']",,2
https://twitter.com/zachxbt/status/1516499168193396747/photo/1,"[1516499168193396747, 1516499168193396747]","[3012852462, 3012852462]","['zachxbt', 'zachxbt']","['2022-04-19T19:29:11+00:00', '2022-04-19T19:29:11+00:00']",,2
https://twitter.com/zachxbt/status/1516070245487763457,"[1516090983498358788, 1516089739878744066]","[3012852462, 3012852462]","['zachxbt', 'zachxbt']","['2022-04-18T16:27:12+00:00', '2022-04-18T16:22:16+00:00']",,2
https://twitter.com/zachxbt/status/1516070228085587972/photo/1,"[1516070228085587972, 1516070228085587972]","[3012852462, 3012852462]","['zachxbt', 'zachxbt']","['2022-04-18T15:04:44+00:00', '2022-04-18T15:04:44+00:00']",,2
https://twitter.com/Nican/status/1515778156950552576,"[1517807527337283585, 1517805157073178624]","[1978953986, 1978953986]","['DegenSpartan', 'DegenSpartan']","['2022-04-23T10:08:08+00:00', '2022-04-23T09:58:43+00:00']",,2
https://twitter.com/NeerajKA/status/1516568972325527553/photo/1,"[1516568972325527553, 1516568972325527553]","[14710235, 14710235]","['NeerajKA', 'NeerajKA']","['2022-04-20T00:06:34+00:00', '2022-04-20T00:06:34+00:00']",,2
https://twitter.com/zachxbt/status/1516427909765947397/photo/1,"[1516427909765947397, 1516427909765947397]","[3012852462, 3012852462]","['zachxbt', 'zachxbt']","['2022-04-19T14:46:02+00:00', '2022-04-19T14:46:02+00:00']",,2
https://ethereumnodes.com/,"[1517524734338125830, 1517518784738770947]","[956670268596015105, 956670268596015105]","['iamDCinvestor', 'iamDCinvestor']","['2022-04-22T15:24:25+00:00', '2022-04-22T15:00:47+00:00']",Ethereum Nodes,2
https://buff.ly/3K8KkEx,"[1517611787641925634, 1517254108113260544]","[26377478, 26377478]","['laurashin', 'laurashin']","['2022-04-22T21:10:20+00:00', '2022-04-21T21:29:03+00:00']",The Chopping Block: How to Improve DeFi and Cross-Chain Bridge Security - Unchained Podcast,2
https://buff.ly/3EF9WIo,"[1517549876455878656, 1517499976674381826]","[26377478, 26377478]","['laurashin', 'laurashin']","['2022-04-22T17:04:19+00:00', '2022-04-22T13:46:02+00:00']",Why the SEC’s Proposed Rules Affecting DeFi Could Violate the First Amendment,2
https://etherscan.io/txs?a=0xf44193629e3d1d175e6403e1f3b14d8ad05a189c,"[1515436912907104265, 1515429514112901131]","[3012852462, 3012852462]","['zachxbt', 'zachxbt']","['2022-04-16T21:08:10+00:00', '2022-04-16T20:38:46+00:00']",,2
https://twitter.com/zachxbt/status/1516092448967122948,"[1516092609554526208, 1516092488179666946]","[3012852462, 3012852462]","['zachxbt', 'zachxbt']","['2022-04-18T16:33:40+00:00', '2022-04-18T16:33:11+00:00']",,2
https://twitter.com/zachxbt/status/1515436912907104265/photo/1,"[1515436912907104265, 1515436912907104265]","[3012852462, 3012852462]","['zachxbt', 'zachxbt']","['2022-04-16T21:08:10+00:00', '2022-04-16T21:08:10+00:00']",,2
https://youtu.be/4VMQxnLyjig,"[1517232526603046913, 1517131011984961545]","[14710235, 14710235]","['NeerajKA', 'NeerajKA']","['2022-04-21T20:03:17+00:00', '2022-04-21T13:19:54+00:00']",How Bitcoin Mines Were Airlifted From China to the US | CRYPTOLAND Episode 7 - YouTube,2
https://twitter.com/zachxbt/status/1516070196171231234/photo/1,"[1516070196171231234, 1516070196171231234]","[3012852462, 3012852462]","['zachxbt', 'zachxbt']","['2022-04-18T15:04:36+00:00', '2022-04-18T15:04:36+00:00']",,2
https://twitter.com/tarunchitra/status/1517507474214977536/photo/1,[1517507474214977536],[53836928],['tarunchitra'],['2022-04-22T14:15:50+00:00'],,1
https://twitter.com/tarunchitra/status/1516457484990492683/photo/1,[1516457484990492683],[53836928],['tarunchitra'],['2022-04-19T16:43:33+00:00'],,1
https://twitter.com/zachxbt/status/1515385768822333441/photo/1,[1515385768822333441],[3012852462],['zachxbt'],['2022-04-16T17:44:56+00:00'],,1
https://twitter.com/tayvano_/status/1516225464741740547,[1516421250154913794],[19748227],['tayvano_'],['2022-04-19T14:19:34+00:00'],,1
https://twitter.com/tayvano_/status/1516449994852614145/photo/1,[1516449994852614145],[19748227],['tayvano_'],['2022-04-19T16:13:47+00:00'],,1
https://twitter.com/zachxbt/status/1489223368637390850,[1515461785092042752],[3012852462],['zachxbt'],['2022-04-16T22:47:00+00:00'],,1
https://twitter.com/tarunchitra/status/1516967307335057409/photo/1,[1516967307335057409],[53836928],['tarunchitra'],['2022-04-21T02:29:24+00:00'],,1
https://twitter.com/stumoonarte/status/1516855872017682434,[1517126228955865088],[2363290915],['Melt_Dem'],['2022-04-21T13:00:54+00:00'],,1
https://twitter.com/tarunchitra/status/1516433197269237767/photo/1,[1516433197269237767],[53836928],['tarunchitra'],['2022-04-19T15:07:02+00:00'],,1
https://twitter.com/tarunchitra/status/1516432028698300430/photo/1,[1516432028698300430],[53836928],['tarunchitra'],['2022-04-19T15:02:24+00:00'],,1
https://twitter.com/zachxbt/status/1515387158680555527/photo/1,[1515387158680555527],[3012852462],['zachxbt'],['2022-04-16T17:50:27+00:00'],,1
https://twitter.com/zachxbt/status/1515387882902597644/photo/1,[1515387882902597644],[3012852462],['zachxbt'],['2022-04-16T17:53:20+00:00'],,1
https://twitter.com/zachxbt/status/1515388693657407492/photo/1,[1515388693657407492],[3012852462],['zachxbt'],['2022-04-16T17:56:33+00:00'],,1
https://twitter.com/stonecoldpat0/status/1516536666038718465,[1516730930370646016],[566534886],['hasufl'],['2022-04-20T10:50:07+00:00'],,1
https://twitter.com/statelayer/status/1448364425258340359,[1515452924696141839],[3012852462],['zachxbt'],['2022-04-16T22:11:47+00:00'],,1
https://twitter.com/zachxbt/status/1515429514112901131/photo/1,[1515429514112901131],[3012852462],['zachxbt'],['2022-04-16T20:38:46+00:00'],,1
https://twitter.com/stablekwon/status/1517319642318274560,[1517326242219192320],[2363290915],['Melt_Dem'],['2022-04-22T02:15:41+00:00'],,1
https://twitter.com/spencernoon/status/1517617622224977927/photo/1,[1517617622224977927],[1527806202],['spencernoon'],['2022-04-22T21:33:31+00:00'],,1
https://twitter.com/spencernoon/status/1517263022728826886/photo/1,[1517263022728826886],[1527806202],['spencernoon'],['2022-04-21T22:04:28+00:00'],,1
https://twitter.com/spencernoon/status/1517170695373008898/photo/1,[1517170695373008898],[1527806202],['spencernoon'],['2022-04-21T15:57:36+00:00'],,1
https://twitter.com/spencernoon/status/1516919160642674689/photo/1,[1516919160642674689],[1527806202],['spencernoon'],['2022-04-20T23:18:05+00:00'],,1
https://twitter.com/tayvano_/status/1516627734276890627/photo/1,[1516627734276890627],[19748227],['tayvano_'],['2022-04-20T04:00:04+00:00'],,1
https://twitter.com/tayvano_/status/1516812879504166913/photo/1,[1516812879504166913],[19748227],['tayvano_'],['2022-04-20T16:15:46+00:00'],,1
https://twitter.com/tayvano_/status/1516637193711677444/photo/1,[1516637193711677444],[19748227],['tayvano_'],['2022-04-20T04:37:39+00:00'],,1
https://twitter.com/tier10k/status/1516463872114368512,[1516464329230495748],[44322763],['matthuang'],['2022-04-19T17:10:45+00:00'],,1
https://twitter.com/twobitidiot/status/1516715691344379904/photo/1,[1516715691344379904],[2193616844],['twobitidiot'],['2022-04-20T09:49:34+00:00'],,1
https://twitter.com/tree_of_alpha/status/1515967463892168705,[1515976833614979078],[5686612],['mayazi'],['2022-04-18T08:53:37+00:00'],,1
https://twitter.com/tomwilson1983/status/1517460925439254533,[1517589778950242304],[14710235],['NeerajKA'],['2022-04-22T19:42:53+00:00'],,1
https://twitter.com/twobitidiot/status/1516922298372079617/photo/1,[1516922298372079617],[2193616844],['twobitidiot'],['2022-04-20T23:30:33+00:00'],,1
https://twitter.com/spencernoon/status/1516916143088451586/photo/1,[1516916143088451586],[1527806202],['spencernoon'],['2022-04-20T23:06:06+00:00'],,1
https://twitter.com/tokenterminal/status/1516663458221150209,[1516666265016090626],[1978953986],['DegenSpartan'],['2022-04-20T06:33:10+00:00'],,1
https://twitter.com/twobitidiot/status/1517107507734491144,[1517108250143240197],[79714172],['zhusu'],['2022-04-21T11:49:27+00:00'],,1
https://twitter.com/timeswapintern/status/1516644988465352705,[1516645959127932932],[1978953986],['DegenSpartan'],['2022-04-20T05:12:29+00:00'],,1
https://twitter.com/tim_roughgarden/status/1517188185268400131,[1517290448124928005],[566534886],['hasufl'],['2022-04-21T23:53:27+00:00'],,1
https://twitter.com/twobitidiot/status/1517588750167310336,[1517590188809244673],[2193616844],['twobitidiot'],['2022-04-22T19:44:31+00:00'],,1
https://twitter.com/tzhen/status/1517539759362658305?s=20&t=5RHvlbanPRyyMjWIwtTxeA,[1517550458663022592],[804029200315334656],['gakonst'],['2022-04-22T17:06:38+00:00'],,1
https://twitter.com/zachxbt/status/1466222791540330500,[1515385768822333441],[3012852462],['zachxbt'],['2022-04-16T17:44:56+00:00'],,1
https://twitter.com/udiwertheimer/status/1516924937893822465,[1516931619520667649],[14710235],['NeerajKA'],['2022-04-21T00:07:35+00:00'],,1
https://twitter.com/v0rtexTurtle616/status/1516532269103546370,[1516796415573430277],[53836928],['tarunchitra'],['2022-04-20T15:10:20+00:00'],,1
https://twitter.com/valrich79/status/1517284029778726912,[1517284884880015368],[26377478],['laurashin'],['2022-04-21T23:31:21+00:00'],,1
https://twitter.com/whatbitcoindid/status/1517506222748061697,[1517575534145937408],[420308365],['nic__carter'],['2022-04-22T18:46:17+00:00'],,1
https://twitter.com/wongmjane/status/1517192005436456960,[1517194319798616064],[14710235],['NeerajKA'],['2022-04-21T17:31:28+00:00'],,1
https://twitter.com/wublockchain/status/1517124429737648129,[1517128907924795392],[313724502],['sassal0x'],['2022-04-21T13:11:33+00:00'],,1
https://twitter.com/tayvano_/status/1517614848942563328/photo/1,[1517614848942563328],[19748227],['tayvano_'],['2022-04-22T21:22:30+00:00'],,1
https://twitter.com/tayvano_/status/1516931160575668224/photo/1,[1516931160575668224],[19748227],['tayvano_'],['2022-04-21T00:05:46+00:00'],,1
https://twitter.com/tree_of_alpha/status/1516359125223018502,[1516373256726532106],[7184612],['mdudas'],['2022-04-19T11:08:51+00:00'],,1
https://twitter.com/zachxbt/status/1454199244860977152,[1516424553563578375],[3012852462],['zachxbt'],['2022-04-19T14:32:42+00:00'],,1
https://twitter.com/tomhschmidt/status/1516465340322045966,[1516486702277218306],[26377478],['laurashin'],['2022-04-19T18:39:39+00:00'],,1
http://SpeedRunEthereum.com,[1516489876832727045],[2024211],['austingriffith'],['2022-04-19T18:52:16+00:00'],Speed Run Ethereum,1
https://twitter.com/spencernoon/status/1516537235713269765/photo/1,[1516537235713269765],[1527806202],['spencernoon'],['2022-04-19T22:00:27+00:00'],,1
https://twitter.com/mayazi/status/1516742784316841989/photo/1,[1516742784316841989],[5686612],['mayazi'],['2022-04-20T11:37:14+00:00'],,1
https://twitter.com/mayazi/status/1515744502232801289/photo/1,[1515744502232801289],[5686612],['mayazi'],['2022-04-17T17:30:25+00:00'],,1
https://twitter.com/mayazi/status/1515773180681592836/photo/1,[1515773180681592836],[5686612],['mayazi'],['2022-04-17T19:24:22+00:00'],,1
https://twitter.com/mayazi/status/1515814190568648705,[1515822359541862404],[5686612],['mayazi'],['2022-04-17T22:39:47+00:00'],,1
https://twitter.com/mayazi/status/1516080855336337414/photo/1,[1516080855336337414],[5686612],['mayazi'],['2022-04-18T15:46:57+00:00'],,1
https://twitter.com/mayazi/status/1516130702353391618,[1516132301922578448],[5686612],['mayazi'],['2022-04-18T19:11:23+00:00'],,1
https://twitter.com/mayazi/status/1516399685019521024/photo/1,[1516399685019521024],[5686612],['mayazi'],['2022-04-19T12:53:52+00:00'],,1
https://twitter.com/mayazi/status/1516722960312193024/photo/1,[1516722960312193024],[5686612],['mayazi'],['2022-04-20T10:18:27+00:00'],,1
https://twitter.com/mayazi/status/1516742023025463303/photo/1,[1516742023025463303],[5686612],['mayazi'],['2022-04-20T11:34:12+00:00'],,1
https://twitter.com/mayazi/status/1516745533628502023/photo/1,[1516745533628502023],[5686612],['mayazi'],['2022-04-20T11:48:09+00:00'],,1
https://twitter.com/spencernoon/status/1516533206396411912/photo/1,[1516533206396411912],[1527806202],['spencernoon'],['2022-04-19T21:44:26+00:00'],,1
https://twitter.com/mayazi/status/1516745839137505285/photo/1,[1516745839137505285],[5686612],['mayazi'],['2022-04-20T11:49:22+00:00'],,1
https://twitter.com/mayazi/status/1517159334085414912/photo/1,[1517159334085414912],[5686612],['mayazi'],['2022-04-21T15:12:27+00:00'],,1
https://twitter.com/mayazi/status/1517161732933775363,[1517182511163580416],[53836928],['tarunchitra'],['2022-04-21T16:44:33+00:00'],,1
https://twitter.com/mdudas/status/1516377419103588356/photo/1,[1516377419103588356],[7184612],['mdudas'],['2022-04-19T11:25:24+00:00'],,1
https://twitter.com/mdudas/status/1516478525003296772/photo/1,[1516478525003296772],[7184612],['mdudas'],['2022-04-19T18:07:09+00:00'],,1
https://twitter.com/mdudas/status/1516480864120713216/photo/1,[1516480864120713216],[7184612],['mdudas'],['2022-04-19T18:16:27+00:00'],,1
https://twitter.com/mdudas/status/1516837311123795971/photo/1,[1516837311123795971],[7184612],['mdudas'],['2022-04-20T17:52:51+00:00'],,1
https://twitter.com/mdudas/status/1516839619165396993/photo/1,[1516839619165396993],[7184612],['mdudas'],['2022-04-20T18:02:01+00:00'],,1
https://twitter.com/mayazi/status/1515742365952192523,[1515814190568648705],[5686612],['mayazi'],['2022-04-17T22:07:20+00:00'],,1
https://twitter.com/mayazi/status/1515428781246365698/photo/1,[1515428781246365698],[5686612],['mayazi'],['2022-04-16T20:35:51+00:00'],,1
https://twitter.com/mayazi/status/1413610170215768068,[1515427826899603469],[5686612],['mayazi'],['2022-04-16T20:32:03+00:00'],,1
https://twitter.com/mayazi/status/1044236472247885824,[1516290879543201797],[5686612],['mayazi'],['2022-04-19T05:41:31+00:00'],,1
https://twitter.com/lawmaster/status/1517508551706648578/photo/1,[1517508551706648578],[16709601],['lawmaster'],['2022-04-22T14:20:07+00:00'],,1
https://twitter.com/lemiscate/status/1516419118051823622,[1516455145441271812],[952921795316912133],['StaniKulechov'],['2022-04-19T16:34:15+00:00'],,1
https://twitter.com/lensprotocol/status/1517584732401414145,[1517586013555732481],[952921795316912133],['StaniKulechov'],['2022-04-22T19:27:55+00:00'],,1
https://twitter.com/letsraave/status/1516429252148834309,[1516434163502661636],[952921795316912133],['StaniKulechov'],['2022-04-19T15:10:53+00:00'],,1
https://twitter.com/letsraave/status/1516786264569106433,[1516786785669550082],[952921795316912133],['StaniKulechov'],['2022-04-20T14:32:04+00:00'],,1
https://twitter.com/letsraave/status/1517186401938333696,[1517186701478744067],[952921795316912133],['StaniKulechov'],['2022-04-21T17:01:12+00:00'],,1
https://twitter.com/ljxie/status/1137805131557232641,[1517646595914874882],[520770492],['ljxie'],['2022-04-22T23:28:39+00:00'],,1
https://twitter.com/ljxie/status/1516831605024825347/photo/1,[1516831605024825347],[520770492],['ljxie'],['2022-04-20T17:30:10+00:00'],,1
https://twitter.com/ljxie/status/1517574338035130368/photo/1,[1517574338035130368],[520770492],['ljxie'],['2022-04-22T18:41:32+00:00'],,1
https://twitter.com/loomdart/status/1517145404709605376,[1517146464522502144],[1978953986],['DegenSpartan'],['2022-04-21T14:21:19+00:00'],,1
https://twitter.com/lydialaurenson/status/1516831919866101768,[1516873791531585536],[53836928],['tarunchitra'],['2022-04-20T20:17:48+00:00'],,1
https://twitter.com/lyrafinance/status/1517249591108071424,[1517250565381799936],[24809221],['kaiynne'],['2022-04-21T21:14:58+00:00'],,1
https://twitter.com/mattdwest/status/1516097113406394368,[1516121386795814916],[5686612],['mayazi'],['2022-04-18T18:28:01+00:00'],,1
https://twitter.com/matthuang/status/1516799854214746112/video/1,[1516799854214746112],[44322763],['matthuang'],['2022-04-20T15:24:00+00:00'],,1
https://twitter.com/matthuang/status/1516852807147552770/photo/1,[1516852807147552770],[44322763],['matthuang'],['2022-04-20T18:54:25+00:00'],,1
https://twitter.com/matthuang/status/1517153769300975621,[1517157611837468672],[2259434528],['cobie'],['2022-04-21T15:05:36+00:00'],,1
https://twitter.com/matthuang/status/1517712772481617920/photo/1,[1517712772481617920],[44322763],['matthuang'],['2022-04-23T03:51:37+00:00'],,1
https://twitter.com/metamask/status/1517535360183582720,[1517550178181566465],[956670268596015105],['iamDCinvestor'],['2022-04-22T17:05:31+00:00'],,1
https://twitter.com/mewn21/status/1515675160212348942,[1515692247827857412],[5686612],['mayazi'],['2022-04-17T14:02:46+00:00'],,1
https://twitter.com/mewn21/status/1517105703042703360,[1517132062662311938],[46332443],['KyleSamani'],['2022-04-21T13:24:05+00:00'],,1
https://twitter.com/quixotic_io/status/1517288166255865856,[1517288467084070920],[2024211],['austingriffith'],['2022-04-21T23:45:35+00:00'],,1
https://twitter.com/real_alethea/status/1517565930296983555,[1517566116595478528],[2363290915],['Melt_Dem'],['2022-04-22T18:08:51+00:00'],,1
https://twitter.com/revive_dom/status/1514751885126914051,[1516797428783259648],[1978953986],['DegenSpartan'],['2022-04-20T15:14:22+00:00'],,1
https://twitter.com/rleshner/status/1515100528824442884,[1516912248568037377],[394480074],['rleshner'],['2022-04-20T22:50:37+00:00'],,1
https://twitter.com/rleshner/status/1516912248568037377/photo/1,[1516912248568037377],[394480074],['rleshner'],['2022-04-20T22:50:37+00:00'],,1
https://twitter.com/rleshner/status/1516927504854007808,[1516927775545958401],[394480074],['rleshner'],['2022-04-20T23:52:19+00:00'],,1
https://twitter.com/rleshner/status/1516929082960891904/photo/1,[1516929082960891904],[394480074],['rleshner'],['2022-04-20T23:57:31+00:00'],,1
https://twitter.com/zachxbt/status/1515437228373295106,[1515447106806456326],[3012852462],['zachxbt'],['2022-04-16T21:48:40+00:00'],,1
https://twitter.com/samczsun/status/1516613959314378756/photo/1,[1516613959314378756],[2844400678],['samczsun'],['2022-04-20T03:05:19+00:00'],,1
https://twitter.com/sartoshi_nft/status/1516680193842294787,[1516735186943238144],[956670268596015105],['iamDCinvestor'],['2022-04-20T11:07:02+00:00'],,1
https://twitter.com/sassal0x/status/1517135004517625856/photo/1,[1517135004517625856],[313724502],['sassal0x'],['2022-04-21T13:35:46+00:00'],,1
https://twitter.com/semres8/status/1517533429407092744,[1517539543741874178],[884511390987407360],['Web3foundation'],['2022-04-22T16:23:16+00:00'],,1
https://twitter.com/shanvasion/status/1517496376380252166,[1517548753619726339],[952921795316912133],['StaniKulechov'],['2022-04-22T16:59:52+00:00'],,1
https://twitter.com/shimshockandawe/status/1516859398282526720,[1516889877564071936],[420308365],['nic__carter'],['2022-04-20T21:21:43+00:00'],,1
https://twitter.com/singareddynm/status/1516415583834853384,[1516432028698300430],[53836928],['tarunchitra'],['2022-04-19T15:02:24+00:00'],,1
https://twitter.com/smdiehl/status/1516733416070287360,[1516948279648747520],[1978953986],['DegenSpartan'],['2022-04-21T01:13:48+00:00'],,1
https://twitter.com/snekbas/status/1517662606445756416,[1517664164310888449],[2363290915],['Melt_Dem'],['2022-04-23T00:38:28+00:00'],,1
https://twitter.com/spencernoon/status/1516489029830815751/photo/1,[1516489029830815751],[1527806202],['spencernoon'],['2022-04-19T18:48:54+00:00'],,1
https://twitter.com/raesremmurd/status/1517176828997349376,[1517218762239401985],[3012852462],['zachxbt'],['2022-04-21T19:08:36+00:00'],,1
https://twitter.com/punk6529/status/1509832364830113793,[1516936402914914305],[79714172],['zhusu'],['2022-04-21T00:26:36+00:00'],,1
https://twitter.com/michaelfolkson/status/1516714451726213122,[1516899025844383745],[847882255540342784],['AriDavidPaul'],['2022-04-20T21:58:05+00:00'],,1
https://twitter.com/projectserum/status/1516488054399193088,[1516565571378327552],[394480074],['rleshner'],['2022-04-19T23:53:03+00:00'],,1
https://twitter.com/mikealfred/status/1516455372004872205,[1516489413659971589],[7184612],['mdudas'],['2022-04-19T18:50:25+00:00'],,1
https://twitter.com/neerajka/status/1517131011984961545,[1517141126825709568],[14710235],['NeerajKA'],['2022-04-21T14:00:06+00:00'],,1
https://twitter.com/nic__carter/status/1517512723243937792/photo/1,[1517512723243937792],[420308365],['nic__carter'],['2022-04-22T14:36:41+00:00'],,1
https://twitter.com/nic__carter/status/1517514434683584512/photo/1,[1517514434683584512],[420308365],['nic__carter'],['2022-04-22T14:43:29+00:00'],,1
https://twitter.com/nic__carter/status/1517533778683600896/photo/1,[1517533778683600896],[420308365],['nic__carter'],['2022-04-22T16:00:21+00:00'],,1
https://twitter.com/nicksdjohnson/status/1517603296554676224,[1517647790897127424],[19748227],['tayvano_'],['2022-04-22T23:33:24+00:00'],,1
https://twitter.com/nickwh8te/status/1517089824221634560,[1517105128725229569],[53836928],['tarunchitra'],['2022-04-21T11:37:03+00:00'],,1
https://twitter.com/noahcitron/status/1516580030876459013,[1516638858708131840],[19748227],['tayvano_'],['2022-04-20T04:44:16+00:00'],,1
https://twitter.com/notsofast/status/1517242975419453440,[1517243413061672961],[3012852462],['zachxbt'],['2022-04-21T20:46:33+00:00'],,1
https://twitter.com/nourharidy/status/1486632652698497028,[1516074238616162309],[3012852462],['zachxbt'],['2022-04-18T15:20:40+00:00'],,1
https://twitter.com/ocelot_labs/status/1510652911407271943,[1516746734155804674],[5686612],['mayazi'],['2022-04-20T11:52:55+00:00'],,1
https://twitter.com/ohmzeus/status/1516559871063302146/photo/1,[1516559871063302146],[1335984626230321154],['ohmzeus'],['2022-04-19T23:30:24+00:00'],,1
https://twitter.com/optimismpbc/status/1516439426330599428,[1516454702539489286],[952921795316912133],['StaniKulechov'],['2022-04-19T16:32:30+00:00'],,1
https://twitter.com/peckshield/status/1515671775085928448,[1515674230599434248],[5686612],['mayazi'],['2022-04-17T12:51:11+00:00'],,1
https://twitter.com/peckshield/status/1517068883370250241,[1517179928818909184],[2259434528],['cobie'],['2022-04-21T16:34:17+00:00'],,1
https://twitter.com/pet3rpan_/status/1517804489688104960/photo/1,[1517804489688104960],[1001171600],['pet3rpan_'],['2022-04-23T09:56:04+00:00'],,1
https://twitter.com/primitivefi/status/1516860112991756288,[1516861997232574467],[53836928],['tarunchitra'],['2022-04-20T19:30:56+00:00'],,1
https://twitter.com/ryanberckmans/status/1516518331532005376,[1516583316127895556],[2259434528],['cobie'],['2022-04-20T01:03:33+00:00'],,1
https://twitter.com/zachxbt/status/1516093141883006983/photo/1,[1516093141883006983],[3012852462],['zachxbt'],['2022-04-18T16:35:47+00:00'],,1
https://twitter.com/zachxbt/status/1515441149976227841/photo/1,[1515441149976227841],[3012852462],['zachxbt'],['2022-04-16T21:25:00+00:00'],,1
https://www.ftc.gov/system/files/documents/plain-language/1001a-influencer-guide-508_1.pdf,[1516429558374928403],[3012852462],['zachxbt'],['2022-04-19T14:52:35+00:00'],,1
https://www.quicknode.com/guides/knowledge-base/how-to-set-a-custom-provider-in-metamask,[1517500644814381058],[16709601],['lawmaster'],['2022-04-22T13:48:42+00:00'],How to set a custom provider in MetaMask explained - step-by-step beginners guides | QuickNode,1
https://www.google.com/amp/s/cointelegraph.com/news/bitlicensed-crypto-firms-ordered-to-pay-annual-assessment-fees-in-new-york/amp,[1516512527856939013],[7184612],['mdudas'],['2022-04-19T20:22:16+00:00'],,1
https://www.haaretz.co.il/magazine/.premium.HIGHLIGHT-MAGAZINE-1.10752286?utm_source=App_Share&utm_medium=iOS_Native,[1517081902057984000],[5686612],['mayazi'],['2022-04-21T10:04:46+00:00'],"""מתעשרי ההיי-טק, שזה כל תל אביב בגדול, הם קמצנים ויהירים"" - סוף שבוע - הארץ",1
https://www.haaretz.com/amp/israel-news/.premium-eu-fails-to-enforce-requirement-to-label-settlement-products-study-shows-1.8125391,[1515625311924277250],[5686612],['mayazi'],['2022-04-17T09:36:47+00:00'],"EU fails to enforce requirement to label wines from settlements, study shows - Israel News - Haaretz.com",1
https://www.newyorker.com/magazine/2022/04/25/how-democracies-spy-on-their-citizens,[1516075372445675536],[5686612],['mayazi'],['2022-04-18T15:25:10+00:00'],How Democracies Spy on Their Citizens | The New Yorker,1
https://www.npr.org/2022/04/18/1093451075/masks-optional-airlines-travel,[1516464614053085185],[61417559],['ErikVoorhees'],['2022-04-19T17:11:53+00:00'],NPR Cookie Consent and Choices,1
https://www.politifact.com/factchecks/2014/nov/05/ben-shapiro/shapiro-says-majority-muslims-are-radicals/,[1516892610626998273],[847882255540342784],['AriDavidPaul'],['2022-04-20T21:32:35+00:00'],PolitiFact | Ben Shapiro says a majority of Muslims are radicals,1
https://www.scamwatch.gov.au/report-a-scam,[1516070245487763457],[3012852462],['zachxbt'],['2022-04-18T15:04:48+00:00'],Report a scam | Scamwatch,1
https://www.shareworks.com/VCECS-report/,[1516882250524147713],[2363290915],['Melt_Dem'],['2022-04-20T20:51:25+00:00'],,1
https://www.sound.xyz/snoopdogg/death-row-session-vol-2-420-edition,[1516816055003324416],[305830702],['Cooopahtroopa'],['2022-04-20T16:28:23+00:00'], Snoop Dogg - Death Row Session: Vol. 2 (420 Edition),1
https://www.technologyreview.com/2021/11/26/1040459/afghanistan-sneakernet-content-dealers-kars-taliban/amp/,[1516434090714673157],[53836928],['tarunchitra'],['2022-04-19T15:10:35+00:00'],Can Afghanistan’s underground “sneakernet” survive the Taliban? – MIT Technology Review,1
https://www.vice.com/en/article/bvn4q3/crypto-exchanges-new-emoji-looks-like-a-swastika-and-people-are-losing-it,[1516826663853641730],[14710235],['NeerajKA'],['2022-04-20T17:10:32+00:00'],Crypto Exchange’s New Emoji Looks Like a Swastika and People Are Losing It,1
https://www.vice.com/en/article/k7wvqa/onlyfans-stops-serving-russian-creators,[1517226615180337153],[14710235],['NeerajKA'],['2022-04-21T19:39:48+00:00'],OnlyFans Stops Serving Russian Creators,1
https://www.wsj.com/articles/netflix-earnings-q1-2022-11650325682?st=0nzgozp86z4w3vy&reflink=article_copyURL_share,[1516511374062632968],[5686612],['mayazi'],['2022-04-19T20:17:41+00:00'],Page Not Found,1
https://www.youtube.com/watch?v=35_rr8Vf-4k,[1516891609354354689],[53836928],['tarunchitra'],['2022-04-20T21:28:36+00:00'],Modular Summit Livestream - YouTube,1
https://www.youtube.com/watch?v=L9-qann-HLk,[1516927441536651264],[14379660],['brian_armstrong'],['2022-04-20T23:50:59+00:00'],Coinbase NFT: Creativity lives here - YouTube,1
https://xkcd.com/538/,[1517460641526816769],[804029200315334656],['gakonst'],['2022-04-22T11:09:44+00:00'],xkcd: Security,1
https://www.google.com/amp/s/blog.google/threat-analysis-group/new-campaign-targeting-security-researchers/amp/,[1516424647042113537],[19748227],['tayvano_'],['2022-04-19T14:33:04+00:00'],,1
https://www.ewg.org/sites/default/files/2022-04/Crypto%20letter%20to%20EPA.pdf?utm_campaign=EWG+Content&utm_content=&utm_medium=Social&utm_source=twitter,[1517514434683584512],[420308365],['nic__carter'],['2022-04-22T14:43:29+00:00'],,1
https://twitter.com/zachxbt/status/1515454410310234127/photo/1,[1515454410310234127],[3012852462],['zachxbt'],['2022-04-16T22:17:41+00:00'],,1
https://www.cyber.gov.au/acsc/report,[1516070245487763457],[3012852462],['zachxbt'],['2022-04-18T15:04:48+00:00'],Report | Cyber.gov.au,1
https://twitter.com/zachxbt/status/1516461183166996494/photo/1,[1516461183166996494],[3012852462],['zachxbt'],['2022-04-19T16:58:15+00:00'],,1
https://twitter.com/zachxbt/status/1516479051325714440/photo/1,[1516479051325714440],[3012852462],['zachxbt'],['2022-04-19T18:09:15+00:00'],,1
https://twitter.com/zachxbt/status/1516499130675302403/photo/1,[1516499130675302403],[3012852462],['zachxbt'],['2022-04-19T19:29:02+00:00'],,1
https://twitter.com/zachxbt/status/1516499196693692418/photo/1,[1516499196693692418],[3012852462],['zachxbt'],['2022-04-19T19:29:18+00:00'],,1
https://twitter.com/zachxbt/status/1516499201663905799/photo/1,[1516499201663905799],[3012852462],['zachxbt'],['2022-04-19T19:29:19+00:00'],,1
https://twitter.com/zachxbt/status/1516502012749254656,[1516502261790240769],[3012852462],['zachxbt'],['2022-04-19T19:41:29+00:00'],,1
https://twitter.com/zachxbt/status/1516502012749254656/photo/1,[1516502012749254656],[3012852462],['zachxbt'],['2022-04-19T19:40:29+00:00'],,1
https://twitter.com/zachxbt/status/1516620989546872837/photo/1,[1516620989546872837],[3012852462],['zachxbt'],['2022-04-20T03:33:16+00:00'],,1
https://twitter.com/zachxbt/status/1516796726862045186,[1516800787237720066],[3012852462],['zachxbt'],['2022-04-20T15:27:43+00:00'],,1
https://twitter.com/zachxbt/status/1516798533780836361/photo/1,[1516798533780836361],[3012852462],['zachxbt'],['2022-04-20T15:18:45+00:00'],,1
https://twitter.com/zachxbt/status/1516912297452744705/photo/1,[1516912297452744705],[3012852462],['zachxbt'],['2022-04-20T22:50:49+00:00'],,1
https://twitter.com/zachxbt/status/1517144488510062594/photo/1,[1517144488510062594],[3012852462],['zachxbt'],['2022-04-21T14:13:27+00:00'],,1
https://twitter.com/zachxbt/status/1517177549398368261/photo/1,[1517177549398368261],[3012852462],['zachxbt'],['2022-04-21T16:24:50+00:00'],,1
https://twitter.com/zachxbt/status/1517177568323162114/photo/1,[1517177568323162114],[3012852462],['zachxbt'],['2022-04-21T16:24:54+00:00'],,1
https://twitter.com/zachxbt/status/1517177573087883265/photo/1,[1517177573087883265],[3012852462],['zachxbt'],['2022-04-21T16:24:55+00:00'],,1
https://twitter.com/zachxbt/status/1516439374216507393/photo/1,[1516439374216507393],[3012852462],['zachxbt'],['2022-04-19T15:31:35+00:00'],,1
https://twitter.com/zachxbt/status/1516429558374928403/photo/1,[1516429558374928403],[3012852462],['zachxbt'],['2022-04-19T14:52:35+00:00'],,1
https://twitter.com/zachxbt/status/1516161663724048389/photo/1,[1516161663724048389],[3012852462],['zachxbt'],['2022-04-18T21:08:04+00:00'],,1
https://twitter.com/zachxbt/status/1515812158520578052/photo/1,[1515812158520578052],[3012852462],['zachxbt'],['2022-04-17T21:59:15+00:00'],,1
https://twitter.com/zachxbt/status/1515463401018953732/photo/1,[1515463401018953732],[3012852462],['zachxbt'],['2022-04-16T22:53:25+00:00'],,1
https://twitter.com/zachxbt/status/1515710681135394821/photo/1,[1515710681135394821],[3012852462],['zachxbt'],['2022-04-17T15:16:01+00:00'],,1
https://twitter.com/zachxbt/status/1515768007162744837,[1517335571315806212],[3012852462],['zachxbt'],['2022-04-22T02:52:45+00:00'],,1
https://twitter.com/zachxbt/status/1515768007162744837/photo/1,[1515768007162744837],[3012852462],['zachxbt'],['2022-04-17T19:03:49+00:00'],,1
https://twitter.com/zachxbt/status/1515768012548321283/photo/1,[1515768012548321283],[3012852462],['zachxbt'],['2022-04-17T19:03:50+00:00'],,1
https://twitter.com/zachxbt/status/1515770155858640909/photo/1,[1515770155858640909],[3012852462],['zachxbt'],['2022-04-17T19:12:21+00:00'],,1
https://twitter.com/zachxbt/status/1516070166643228679,[1516070840445644802],[3012852462],['zachxbt'],['2022-04-18T15:07:10+00:00'],,1
https://twitter.com/zachxbt/status/1516097600021225472/photo/1,[1516097600021225472],[3012852462],['zachxbt'],['2022-04-18T16:53:30+00:00'],,1
https://twitter.com/zachxbt/status/1516070166643228679/photo/1,[1516070166643228679],[3012852462],['zachxbt'],['2022-04-18T15:04:29+00:00'],,1
https://twitter.com/zachxbt/status/1516070202647236621/photo/1,[1516070202647236621],[3012852462],['zachxbt'],['2022-04-18T15:04:38+00:00'],,1
https://twitter.com/zachxbt/status/1516070212956827651/photo/1,[1516070212956827651],[3012852462],['zachxbt'],['2022-04-18T15:04:40+00:00'],,1
https://twitter.com/zachxbt/status/1516070221286678528/photo/1,[1516070221286678528],[3012852462],['zachxbt'],['2022-04-18T15:04:42+00:00'],,1
https://twitter.com/zachxbt/status/1516070245487763457/photo/1,[1516070245487763457],[3012852462],['zachxbt'],['2022-04-18T15:04:48+00:00'],,1
https://twitter.com/lawmaster/status/1517127433677418496/photo/1,[1517127433677418496],[16709601],['lawmaster'],['2022-04-21T13:05:41+00:00'],,1
https://twitter.com/zachxbt/status/1517177576963420165/photo/1,[1517177576963420165],[3012852462],['zachxbt'],['2022-04-21T16:24:56+00:00'],,1
https://twitter.com/zachxbt/status/1517177588543889408/photo/1,[1517177588543889408],[3012852462],['zachxbt'],['2022-04-21T16:24:59+00:00'],,1
https://twitter.com/zachxbt/status/1517198205796200448/photo/1,[1517198205796200448],[3012852462],['zachxbt'],['2022-04-21T17:46:55+00:00'],,1
https://www.coincenter.org/the-ideal-regulatory-environment-for-bitcoin/,[1516605960516780032],[14710235],['NeerajKA'],['2022-04-20T02:33:32+00:00'],The ideal regulatory environment for Bitcoin - Coin Center,1
https://www.bbc.com/news/world-us-canada-61141421.amp,[1516815334149431297],[14710235],['NeerajKA'],['2022-04-20T16:25:31+00:00'],US man wins $450k lawsuit after unwanted office birthday party - BBC News,1
https://www.cbp.gov/travel/trusted-traveler-programs/global-entry/eligibility,[1516258532361973770],[295218901],['VitalikButerin'],['2022-04-19T03:32:59+00:00'],Eligibility for Global Entry | U.S. Customs and Border Protection,1
https://www.cityam.com/london-fast-becoming-a-hotspot-for-crypto-jobs/,[1516727673040826368],[79714172],['zhusu'],['2022-04-20T10:37:11+00:00'],London fast becoming a hotspot for crypto jobs,1
https://www.cnbc.com/2022/04/22/jack-dorseys-new-title-block-head.html,[1517629886411812867],[14710235],['NeerajKA'],['2022-04-22T22:22:15+00:00'],Jack Dorseyâs new title: Block Head,1
https://www.coinbase.com/careers,[1517011351566053376],[14379660],['brian_armstrong'],['2022-04-21T05:24:25+00:00'],Please Wait... | Cloudflare,1
https://www.coinbase.com/price/optimism,[1516710683915792386],[2259434528],['cobie'],['2022-04-20T09:29:40+00:00'],Please Wait... | Cloudflare,1
https://www.coindesk.com/business/2022/04/19/framework-ventures-launches-400m-fund-to-back-gaming-defi/,[1516561506837557249],[79714172],['zhusu'],['2022-04-19T23:36:54+00:00'],"Framework Ventures Launches $400M Fund to Back Web 3 Gaming, DeFi",1
https://web.stanford.edu/~guillean/papers/rmms.pdf,[1516967085028618246],[53836928],['tarunchitra'],['2022-04-21T02:28:31+00:00'],,1
https://www.coindesk.com/business/2022/04/21/coinbase-in-talks-to-acquire-turkish-crypto-exchange-btcturk-for-about-32b-report/,[1517118770871160833],[79714172],['zhusu'],['2022-04-21T12:31:16+00:00'],Coinbase in Talks to Acquire BtcTurk for About $3.2B: Report,1
https://www.coindesk.com/business/2022/04/21/stripe-taps-polygon-to-allow-customers-to-make-payments-in-usdc/,[1517510690956845062],[1527806202],['spencernoon'],['2022-04-22T14:28:37+00:00'],Stripe to Let Clients Make Payments in USDC Stablecoin via Polygon – Starting With Twitter,1
https://www.coindesk.com/layer2/2022/04/20/6-things-you-should-know-about-crypto-twitter/,[1517472455014731776],[26377478],['laurashin'],['2022-04-22T11:56:41+00:00'],6 Things You Should Know About Crypto Twitter,1
https://www.coindesk.com/tech/2020/07/13/version-control-can-help-the-media-win-back-reader-trust/,[1516542494817013760],[420308365],['nic__carter'],['2022-04-19T22:21:21+00:00'],Version Control Can Help the Media Win Back Reader Trust - CoinDesk,1
https://www.comp.xyz/t/comp-reward-adjustments-v2/3074/,[1516912248568037377],[394480074],['rleshner'],['2022-04-20T22:50:37+00:00'],COMP Reward Adjustments v2 - Proposals - Compound Community Forum,1
https://www.crowdcast.io/e/cryptocurrency-class-2022/7,[1516764535893667842],[566534886],['hasufl'],['2022-04-20T13:03:40+00:00'],Cryptocurrency Class 2022 - Crowdcast,1
"https://www.ato.gov.au/about-ato/contact-us/report-fraud,-tax-evasion,-a-planning-scheme-or-unpaid-super/",[1516070245487763457],[3012852462],['zachxbt'],['2022-04-18T15:04:48+00:00'],"Report fraud, tax evasion, a planning scheme or unpaid super | Australian Taxation Office",1
https://twitter.com/zhusu/status/1517406897170939904/photo/1,[1517406897170939904],[79714172],['zhusu'],['2022-04-22T07:36:10+00:00'],,1
https://twitter.com/zachxbt/status/1517200312494399489/photo/1,[1517200312494399489],[3012852462],['zachxbt'],['2022-04-21T17:55:17+00:00'],,1
https://twitter.com/zachxbt/status/1517304926128558082/photo/1,[1517304926128558082],[3012852462],['zachxbt'],['2022-04-22T00:50:59+00:00'],,1
https://twitter.com/zachxbt/status/1517218762239401985/photo/1,[1517218762239401985],[3012852462],['zachxbt'],['2022-04-21T19:08:36+00:00'],,1
https://twitter.com/zachxbt/status/1517220264400109569/photo/1,[1517220264400109569],[3012852462],['zachxbt'],['2022-04-21T19:14:34+00:00'],,1
https://twitter.com/zachxbt/status/1517224146433884162/photo/1,[1517224146433884162],[3012852462],['zachxbt'],['2022-04-21T19:29:59+00:00'],,1
https://twitter.com/zachxbt/status/1517224780138782724/photo/1,[1517224780138782724],[3012852462],['zachxbt'],['2022-04-21T19:32:30+00:00'],,1
https://twitter.com/zachxbt/status/1517243413061672961/photo/1,[1517243413061672961],[3012852462],['zachxbt'],['2022-04-21T20:46:33+00:00'],,1
https://twitter.com/zachxbt/status/1517244988047900673/photo/1,[1517244988047900673],[3012852462],['zachxbt'],['2022-04-21T20:52:48+00:00'],,1
https://twitter.com/zachxbt/status/1517345758936244224/photo/1,[1517345758936244224],[3012852462],['zachxbt'],['2022-04-22T03:33:14+00:00'],,1
https://twitter.com/zhusu/status/1516744815211597827/photo/1,[1516744815211597827],[79714172],['zhusu'],['2022-04-20T11:45:18+00:00'],,1
https://twitter.com/zachxbt/status/1517347324720259072/photo/1,[1517347324720259072],[3012852462],['zachxbt'],['2022-04-22T03:39:27+00:00'],,1
https://twitter.com/zachxbt/status/1517390922387972096/photo/1,[1517390922387972096],[3012852462],['zachxbt'],['2022-04-22T06:32:42+00:00'],,1
https://twitter.com/zachxbt/status/1517393888939585536/photo/1,[1517393888939585536],[3012852462],['zachxbt'],['2022-04-22T06:44:29+00:00'],,1
https://twitter.com/zachxbt/status/1517538762183610370/photo/1,[1517538762183610370],[3012852462],['zachxbt'],['2022-04-22T16:20:10+00:00'],,1
https://twitter.com/zhusu/status/1493525524475351040,[1517667430373687296],[79714172],['zhusu'],['2022-04-23T00:51:26+00:00'],,1
https://twitter.com/zhusu/status/1516626794115641350/photo/1,[1516626794115641350],[79714172],['zhusu'],['2022-04-20T03:56:19+00:00'],,1
https://twitter.com/lawmaster/status/1517503166299975680/photo/1,[1517503166299975680],[16709601],['lawmaster'],['2022-04-22T13:58:43+00:00'],,1
https://twitter.com/laurashin/status/1516801486478528513/video/1,[1516801486478528513],[26377478],['laurashin'],['2022-04-20T15:30:29+00:00'],,1
https://twitter.com/laurashin/status/1517644178615939076/photo/1,[1517644178615939076],[26377478],['laurashin'],['2022-04-22T23:19:03+00:00'],,1
https://twitter.com/ConnextNetwork/status/1516738218670100486,[1516841318042984450],[2362854624],['ethereumJoseph'],['2022-04-20T18:08:46+00:00'],,1
https://twitter.com/DegenSpartan/status/1516436775564382213/photo/1,[1516436775564382213],[1978953986],['DegenSpartan'],['2022-04-19T15:21:15+00:00'],,1
https://twitter.com/DegenSpartan/status/1516436862373888009/photo/1,[1516436862373888009],[1978953986],['DegenSpartan'],['2022-04-19T15:21:36+00:00'],,1
https://twitter.com/DegenSpartan/status/1516572047111245825/photo/1,[1516572047111245825],[1978953986],['DegenSpartan'],['2022-04-20T00:18:47+00:00'],,1
https://twitter.com/DegenSpartan/status/1516586171371257863/photo/1,[1516586171371257863],[1978953986],['DegenSpartan'],['2022-04-20T01:14:54+00:00'],,1
https://twitter.com/DegenSpartan/status/1516598491652702212/photo/1,[1516598491652702212],[1978953986],['DegenSpartan'],['2022-04-20T02:03:52+00:00'],,1
https://twitter.com/DegenSpartan/status/1516630926469795843/photo/1,[1516630926469795843],[1978953986],['DegenSpartan'],['2022-04-20T04:12:45+00:00'],,1
https://twitter.com/DegenSpartan/status/1516631645918740480/photo/1,[1516631645918740480],[1978953986],['DegenSpartan'],['2022-04-20T04:15:36+00:00'],,1
https://twitter.com/DegenSpartan/status/1516633726440026112/photo/1,[1516633726440026112],[1978953986],['DegenSpartan'],['2022-04-20T04:23:52+00:00'],,1
https://twitter.com/DegenSpartan/status/1516636643029286912/photo/1,[1516636643029286912],[1978953986],['DegenSpartan'],['2022-04-20T04:35:28+00:00'],,1
https://twitter.com/DegenSpartan/status/1516668923630202883/photo/1,[1516668923630202883],[1978953986],['DegenSpartan'],['2022-04-20T06:43:44+00:00'],,1
https://twitter.com/DegenSpartan/status/1516691144616607750/photo/1,[1516691144616607750],[1978953986],['DegenSpartan'],['2022-04-20T08:12:02+00:00'],,1
https://twitter.com/DegenSpartan/status/1516734751641829379/photo/1,[1516734751641829379],[1978953986],['DegenSpartan'],['2022-04-20T11:05:19+00:00'],,1
https://twitter.com/DegenSpartan/status/1516797434181320704/photo/1,[1516797434181320704],[1978953986],['DegenSpartan'],['2022-04-20T15:14:23+00:00'],,1
https://twitter.com/DegenSpartan/status/1516948279648747520/photo/1,[1516948279648747520],[1978953986],['DegenSpartan'],['2022-04-21T01:13:48+00:00'],,1
https://twitter.com/DegenSpartan/status/1516949913812484096/photo/1,[1516949913812484096],[1978953986],['DegenSpartan'],['2022-04-21T01:20:17+00:00'],,1
https://twitter.com/DegenSpartan/status/1516988145015078913,[1517013030294659072],[1978953986],['DegenSpartan'],['2022-04-21T05:31:05+00:00'],,1
https://twitter.com/DegenSpartan/status/1516999793125781504/photo/1,[1516999793125781504],[1978953986],['DegenSpartan'],['2022-04-21T04:38:29+00:00'],,1
https://twitter.com/DegenSpartan/status/1516404446942875651/photo/1,[1516404446942875651],[1978953986],['DegenSpartan'],['2022-04-19T13:12:48+00:00'],,1
https://twitter.com/DegenSpartan/status/1516402600425693188/photo/1,[1516402600425693188],[1978953986],['DegenSpartan'],['2022-04-19T13:05:27+00:00'],,1
https://twitter.com/DegenSpartan/status/1516402279108460552/photo/1,[1516402279108460552],[1978953986],['DegenSpartan'],['2022-04-19T13:04:11+00:00'],,1
https://twitter.com/Cryptoverse520/status/1517012897926623232,[1517014805164752896],[1978953986],['DegenSpartan'],['2022-04-21T05:38:08+00:00'],,1
https://twitter.com/Cooopahtroopa/status/1514377466764095492?s=20&t=Cmo8T1D5aTywX-NwY8ggZA,[1516598933790810113],[305830702],['Cooopahtroopa'],['2022-04-20T02:05:37+00:00'],,1
https://twitter.com/Cooopahtroopa/status/1516522573525184514/photo/1,[1516522573525184514],[305830702],['Cooopahtroopa'],['2022-04-19T21:02:11+00:00'],,1
https://twitter.com/Cooopahtroopa/status/1516587886795272194/photo/1,[1516587886795272194],[305830702],['Cooopahtroopa'],['2022-04-20T01:21:43+00:00'],,1
https://twitter.com/Cooopahtroopa/status/1516598888114831360/photo/1,[1516598888114831360],[305830702],['Cooopahtroopa'],['2022-04-20T02:05:26+00:00'],,1
https://twitter.com/Cooopahtroopa/status/1517604077940715523/photo/1,[1517604077940715523],[305830702],['Cooopahtroopa'],['2022-04-22T20:39:42+00:00'],,1
https://twitter.com/Cooopahtroopa/status/1517783408314699776/photo/1,[1517783408314699776],[305830702],['Cooopahtroopa'],['2022-04-23T08:32:18+00:00'],,1
https://twitter.com/CryptoCred/status/1516832921474240517?s=20&t=wJ-xKLbQBB0YzSiD7Xng9g,[1516839566891704321],[956670268596015105],['iamDCinvestor'],['2022-04-20T18:01:48+00:00'],,1
https://twitter.com/CyrilNormansque/status/1517394565703122945,[1517506842578014211],[421271885],['CamiRusso'],['2022-04-22T14:13:19+00:00'],,1
https://twitter.com/DegenSpartan/status/1516401937956360201,[1516407756131291140],[1978953986],['DegenSpartan'],['2022-04-19T13:25:57+00:00'],,1
https://twitter.com/DeFi_Wonderland/status/1516896400402907136,[1516897145709907970],[1269408213876846592],['0xMaki'],['2022-04-20T21:50:36+00:00'],,1
https://twitter.com/DeFifrog1/status/1516459274033057794,[1516572047111245825],[1978953986],['DegenSpartan'],['2022-04-20T00:18:47+00:00'],,1
https://twitter.com/DegenCryptoInfo/status/1516989696366321664,[1516999793125781504],[1978953986],['DegenSpartan'],['2022-04-21T04:38:29+00:00'],,1
https://twitter.com/DegenSpartan/status/1404678851930640386,[1517029605307449344],[1978953986],['DegenSpartan'],['2022-04-21T06:36:57+00:00'],,1
https://twitter.com/DegenSpartan/status/1512979995962245120,[1517753305979834368],[1978953986],['DegenSpartan'],['2022-04-23T06:32:41+00:00'],,1
https://twitter.com/DegenSpartan/status/1515015132275175424,[1516596240922083328],[1978953986],['DegenSpartan'],['2022-04-20T01:54:55+00:00'],,1
https://twitter.com/DegenSpartan/status/1516400916710445057/photo/1,[1516400916710445057],[1978953986],['DegenSpartan'],['2022-04-19T12:58:46+00:00'],,1
https://twitter.com/DegenSpartan/status/1517029605307449344/photo/1,[1517029605307449344],[1978953986],['DegenSpartan'],['2022-04-21T06:36:57+00:00'],,1
https://twitter.com/DegenSpartan/status/1517030121219424256/photo/1,[1517030121219424256],[1978953986],['DegenSpartan'],['2022-04-21T06:39:00+00:00'],,1
https://twitter.com/DegenSpartan/status/1517042336290983937/photo/1,[1517042336290983937],[1978953986],['DegenSpartan'],['2022-04-21T07:27:32+00:00'],,1
https://twitter.com/ErikVoorhees/status/1516470892510859267/photo/1,[1516470892510859267],[61417559],['ErikVoorhees'],['2022-04-19T17:36:50+00:00'],,1
https://twitter.com/DegenSpartan/status/1517760100844584960/photo/1,[1517760100844584960],[1978953986],['DegenSpartan'],['2022-04-23T06:59:41+00:00'],,1
https://twitter.com/DegenSpartan/status/1517779457335242753/photo/1,[1517779457335242753],[1978953986],['DegenSpartan'],['2022-04-23T08:16:36+00:00'],,1
https://twitter.com/DegenSpartan/status/1517803590370623488/photo/1,[1517803590370623488],[1978953986],['DegenSpartan'],['2022-04-23T09:52:30+00:00'],,1
https://twitter.com/DegenSpartan/status/1517806162988912640/photo/1,[1517806162988912640],[1978953986],['DegenSpartan'],['2022-04-23T10:02:43+00:00'],,1
https://twitter.com/ErikVoorhees/status/1516445549553102852/photo/1,[1516445549553102852],[61417559],['ErikVoorhees'],['2022-04-19T15:56:07+00:00'],,1
https://twitter.com/ErikVoorhees/status/1516446737908436993/photo/1,[1516446737908436993],[61417559],['ErikVoorhees'],['2022-04-19T16:00:51+00:00'],,1
https://twitter.com/ErikVoorhees/status/1516468771451408384/photo/1,[1516468771451408384],[61417559],['ErikVoorhees'],['2022-04-19T17:28:24+00:00'],,1
https://twitter.com/FEhrsam/status/1516846795774586880/photo/1,[1516846795774586880],[315991624],['FEhrsam'],['2022-04-20T18:30:32+00:00'],,1
https://twitter.com/DegenSpartan/status/1517730591101177857/photo/1,[1517730591101177857],[1978953986],['DegenSpartan'],['2022-04-23T05:02:25+00:00'],,1
https://twitter.com/FUCKTWA79179293/status/1516668398603804672,[1516668923630202883],[1978953986],['DegenSpartan'],['2022-04-20T06:43:44+00:00'],,1
https://twitter.com/ForexLive/status/1516932487548702722,[1516934005685309441],[79714172],['zhusu'],['2022-04-21T00:17:04+00:00'],,1
https://twitter.com/FrankieIsLost/status/1516612002579238920,[1516613959314378756],[2844400678],['samczsun'],['2022-04-20T03:05:19+00:00'],,1
https://twitter.com/HannahDCox/status/1516152610285395976,[1516459605898846210],[61417559],['ErikVoorhees'],['2022-04-19T16:51:59+00:00'],,1
https://twitter.com/Hedgeye/status/1516837958652891138,[1516892440187318272],[2363290915],['Melt_Dem'],['2022-04-20T21:31:54+00:00'],,1
https://twitter.com/JackLipstone/status/1516820393943879686,[1516955131291791360],[1978953986],['DegenSpartan'],['2022-04-21T01:41:01+00:00'],,1
https://twitter.com/KMSmithDC/status/1487451972848394240?s=20&t=BHbq1x6uxRBA6QY7UqzQSA,[1516926942259204097],[47003920],['jchervinsky'],['2022-04-20T23:49:00+00:00'],,1
https://twitter.com/DegenSpartan/status/1517754130332516352/photo/1,[1517754130332516352],[1978953986],['DegenSpartan'],['2022-04-23T06:35:57+00:00'],,1
https://twitter.com/DegenSpartan/status/1517715792678502401/photo/1,[1517715792678502401],[1978953986],['DegenSpartan'],['2022-04-23T04:03:37+00:00'],,1
https://twitter.com/DegenSpartan/status/1517055933868023809/photo/1,[1517055933868023809],[1978953986],['DegenSpartan'],['2022-04-21T08:21:34+00:00'],,1
https://twitter.com/DegenSpartan/status/1517136522860179456/photo/1,[1517136522860179456],[1978953986],['DegenSpartan'],['2022-04-21T13:41:48+00:00'],,1
https://twitter.com/DegenSpartan/status/1517057739008397312/photo/1,[1517057739008397312],[1978953986],['DegenSpartan'],['2022-04-21T08:28:45+00:00'],,1
https://twitter.com/DegenSpartan/status/1517060721414402048/photo/1,[1517060721414402048],[1978953986],['DegenSpartan'],['2022-04-21T08:40:36+00:00'],,1
https://twitter.com/DegenSpartan/status/1517070314567790592/photo/1,[1517070314567790592],[1978953986],['DegenSpartan'],['2022-04-21T09:18:43+00:00'],,1
https://twitter.com/DegenSpartan/status/1517091290391154688/photo/1,[1517091290391154688],[1978953986],['DegenSpartan'],['2022-04-21T10:42:04+00:00'],,1
https://twitter.com/DegenSpartan/status/1517092643058200576/photo/1,[1517092643058200576],[1978953986],['DegenSpartan'],['2022-04-21T10:47:26+00:00'],,1
https://twitter.com/DegenSpartan/status/1517133237038239745/photo/1,[1517133237038239745],[1978953986],['DegenSpartan'],['2022-04-21T13:28:45+00:00'],,1
https://twitter.com/DegenSpartan/status/1517134251334209537/photo/1,[1517134251334209537],[1978953986],['DegenSpartan'],['2022-04-21T13:32:47+00:00'],,1
https://twitter.com/DegenSpartan/status/1517146464522502144/photo/1,[1517146464522502144],[1978953986],['DegenSpartan'],['2022-04-21T14:21:19+00:00'],,1
https://twitter.com/DegenSpartan/status/1517711120819421184/photo/1,[1517711120819421184],[1978953986],['DegenSpartan'],['2022-04-23T03:45:03+00:00'],,1
https://twitter.com/DegenSpartan/status/1517495167091359745/photo/1,[1517495167091359745],[1978953986],['DegenSpartan'],['2022-04-22T13:26:56+00:00'],,1
https://twitter.com/DegenSpartan/status/1517496356952473600/photo/1,[1517496356952473600],[1978953986],['DegenSpartan'],['2022-04-22T13:31:39+00:00'],,1
https://twitter.com/DegenSpartan/status/1517497566145159168,[1517715069379158016],[1978953986],['DegenSpartan'],['2022-04-23T04:00:44+00:00'],,1
https://twitter.com/DegenSpartan/status/1517503063116095488/photo/1,[1517503063116095488],[1978953986],['DegenSpartan'],['2022-04-22T13:58:18+00:00'],,1
https://twitter.com/DegenSpartan/status/1517696079080587266/photo/1,[1517696079080587266],[1978953986],['DegenSpartan'],['2022-04-23T02:45:17+00:00'],,1
https://twitter.com/DegenSpartan/status/1517700571444412416/photo/1,[1517700571444412416],[1978953986],['DegenSpartan'],['2022-04-23T03:03:08+00:00'],,1
https://twitter.com/DegenSpartan/status/1517710184076161025/photo/1,[1517710184076161025],[1978953986],['DegenSpartan'],['2022-04-23T03:41:20+00:00'],,1
https://twitter.com/Cooopahtroopa/status/1375196102396313600?s=20&t=Cmo8T1D5aTywX-NwY8ggZA,[1516598913402290184],[305830702],['Cooopahtroopa'],['2022-04-20T02:05:32+00:00'],,1
https://twitter.com/Coinsandtoken/status/1517045545889636355,[1517069730989101056],[1978953986],['DegenSpartan'],['2022-04-21T09:16:24+00:00'],,1
https://twitter.com/laurashin/status/1517611787641925634/video/1,[1517611787641925634],[26377478],['laurashin'],['2022-04-22T21:10:20+00:00'],,1
https://twitter.com/CharlotteFang77/status/1516465852178124802,[1516643393920958464],[1978953986],['DegenSpartan'],['2022-04-20T05:02:17+00:00'],,1
https://chainlist.org/,[1517508551706648578],[16709601],['lawmaster'],['2022-04-22T14:20:07+00:00'],Chainlist,1
https://cobie.substack.com/p/apecoin-and-the-death-of-staking,[1517086096173469697],[2259434528],['cobie'],['2022-04-21T10:21:26+00:00'],ApeCoin & the death of staking - Cobie,1
https://cryptome.org/2012/12/assange-crypto-arms.htm,[1516988337298763776],[79714172],['zhusu'],['2022-04-21T03:52:58+00:00'],Julian Assange: A Call to Cryptographic Arms,1
https://deadline.com/2022/04/scott-free-camila-russos-infinite-machine-1235007466/,[1517201016877461505],[421271885],['CamiRusso'],['2022-04-21T17:58:05+00:00'],‘The Infinite Machine’: Scott Free Boards Film Adaptation Of Camila Russo Book – Deadline,1
https://docs.alchemy.com/alchemy/guides/connecting-metamask-to-alchemy,[1517500644814381058],[16709601],['lawmaster'],['2022-04-22T13:48:42+00:00'],How to Speed Up MetaMask Transactions - Alchemy Documentation,1
https://docs.google.com/presentation/d/10I5nDokdO_KR94way-QfcD8ucroOLkHczSMOBWUMYME/edit,[1517455732907593729],[566534886],['hasufl'],['2022-04-22T10:50:14+00:00'],MEV Centralization in the transaction supply chain - Google Presentaties,1
https://docs.google.com/presentation/d/13q_cmaznKdAElherLI6fsBexJILYwTj2ddQlMTGUipU/edit,[1517439098604212224],[566534886],['hasufl'],['2022-04-22T09:44:08+00:00'],Why your blockchain needs an MEV solution - Google Presentaties,1
https://docs.google.com/presentation/d/18JSSeI-_mSEk6_BSkDRuZBFzOw2Hw-AYRLOYHM3bLxk/edit?usp=sharing,[1517618954965065729],[804029200315334656],['gakonst'],['2022-04-22T21:38:49+00:00'],Symbolic MEV Extraction - Google Presentaties,1
https://docs.google.com/presentation/d/1PbOaa4n42DkD2aKjawNu0qZSPTcYfPbVZ8gVE7Eazn0/edit?usp=sharing,[1517428739751170048],[804029200315334656],['gakonst'],['2022-04-22T09:02:58+00:00'],Foundry @ TrustX - Google Presentaties,1
https://dune.com/Marcov/0x-NFT-Market,[1517127433677418496],[16709601],['lawmaster'],['2022-04-21T13:05:41+00:00'],Dune,1
https://en.m.wikipedia.org/wiki/Positive_energy_theorem,[1517121285427544066],[53836928],['tarunchitra'],['2022-04-21T12:41:15+00:00'],Positive energy theorem - Wikipedia,1
https://etherscan.io/address/0x8ec7a39170cac6da9c2d06645576749ead10bc0d#tokentxnsErc721,[1515436912907104265],[3012852462],['zachxbt'],['2022-04-16T21:08:10+00:00'],,1
https://etherscan.io/address/0xf6654adf3af907a2d69e9652cf2184d5619daf4c#tokentxns,[1516423845405773833],[3012852462],['zachxbt'],['2022-04-19T14:29:53+00:00'],,1
https://etherscan.io/tx/0x8e1fa8e2c8339741e002dd9a195bed778926a96a09ab3abd503bfb2cfbc9bee7,[1516427909765947397],[3012852462],['zachxbt'],['2022-04-19T14:46:02+00:00'],,1
https://forum.sushi.com/t/moonbeam-sushiswap-proposal/375,[1517175837426077697],[1269408213876846592],['0xMaki'],['2022-04-21T16:18:02+00:00'],Moonbeam <> SushiSwap Proposal - Proposals - SushiSwap,1
https://getfoundry.sh,[1517775285311049738],[804029200315334656],['gakonst'],['2022-04-23T08:00:01+00:00'],Foundry - A blazing fast toolkit for Ethereum application development,1
https://github.com/FiloSottile/homebrew-musl-cross/blob/master/musl-cross.rb,[1517798650281439234],[804029200315334656],['gakonst'],['2022-04-23T09:32:52+00:00'],homebrew-musl-cross/musl-cross.rb at master · FiloSottile/homebrew-musl-cross · GitHub,1
https://canada-immigration-info.ca/nexus-eligibility.html,[1516258532361973770],[295218901],['VitalikButerin'],['2022-04-19T03:32:59+00:00'],NEXUS Card Eligibility Requirements,1
https://buff.ly/3rMdm6F,[1517644178615939076],[26377478],['laurashin'],['2022-04-22T23:19:03+00:00'],@laurashin | Bitski,1
https://buff.ly/3OlXi5m,[1516426406368092176],[26377478],['laurashin'],['2022-04-19T14:40:03+00:00'],@laurashin | Bitski,1
https://app.thorswap.finance/dashboard,[1516445549553102852],[61417559],['ErikVoorhees'],['2022-04-19T15:56:07+00:00'],THORSwap - Decentralised Exchange (DEX) powered by THORChain,1
http://coincenter.org/donate,[1517224601498963968],[14710235],['NeerajKA'],['2022-04-21T19:31:48+00:00'],Donate - Coin Center,1
http://docs.new,[1516851120735494147],[46332443],['KyleSamani'],['2022-04-20T18:47:43+00:00'],Google Docs: Kostenlos Dokumente online erstellen und bearbeiten,1
http://mainnet.events,[1516512502493982720],[2193616844],['twobitidiot'],['2022-04-19T20:22:10+00:00'],"
            Mainnet
    ",1
http://mev.day,[1517432664596361217],[804029200315334656],['gakonst'],['2022-04-22T09:18:34+00:00'],"Notion – The all-in-one workspace for your notes, tasks, wikis, and databases.",1
http://nft.coinbase.com/@lindaxie,[1516831605024825347],[520770492],['ljxie'],['2022-04-20T17:30:10+00:00'],@lindaxie | Coinbase NFT,1
https://andrecronje.medium.com/crypto-regulation-vs-regulated-crypto-aae56b36dcd8,[1516388544553623558],[5686612],['mayazi'],['2022-04-19T12:09:36+00:00'],"Crypto Regulation vs Regulated Crypto | by Andre Cronje | Apr, 2022 | Medium",1
https://andrecronje.medium.com/the-rise-and-fall-of-crypto-culture-3d0e6fd3e0e9,[1515957664160878592],[5686612],['mayazi'],['2022-04-18T07:37:26+00:00'],"The rise and fall of crypto culture | by Andre Cronje | Apr, 2022 | Medium",1
https://archive.ph/EiZtC,[1517152470446739456],[420308365],['nic__carter'],['2022-04-21T14:45:10+00:00'],archive.ph,1
https://buff.ly/36GunIg,[1517536367101849601],[26377478],['laurashin'],['2022-04-22T16:10:39+00:00'],"Crypto Weekly News Recap: UST, the 3rd Largest Stablecoin",1
https://archive.ph/zP0HM,[1517152470446739456],[420308365],['nic__carter'],['2022-04-21T14:45:10+00:00'],archive.ph,1
https://avc.com/2022/04/an-earth-day-message-to-the-new-york-state-legislature/,[1517530269460402177],[47003920],['jchervinsky'],['2022-04-22T15:46:25+00:00'],An Earth Day Message To The New York State Legislature - AVC,1
https://balajis.com/synthesis,[1517174980554870788],[2178012643],['balajis'],['2022-04-21T16:14:37+00:00'],Decentralizing Education with Synthesis,1
https://beaconcha.in/charts/deposits_distribution,[1516584030833152003],[2259434528],['cobie'],['2022-04-20T01:06:24+00:00'],Eth1 Deposit Addresses - Ethereum 2.0 Beacon Chain (Phase 0) Block Chain Explorer Chart - beaconcha.in - 2022,1
https://blog.gnosis.pm/owl-token-use-cases-6094027ecb37,[1517181199386656768],[1269408213876846592],['0xMaki'],['2022-04-21T16:39:20+00:00'],The Many Faces of an $OWL. An overview of how you can use $OWLâ¦ | by Gnosis | GnosisDAO,1
https://blog.malwarebytes.com/threat-intelligence/2022/01/north-koreas-lazarus-apt-leverages-windows-update-client-github-in-latest-campaign/,[1516424236113567744],[19748227],['tayvano_'],['2022-04-19T14:31:26+00:00'],403 Forbidden,1
https://blog.synthetix.io/why-optimism/,[1517229040322682880],[24809221],['kaiynne'],['2022-04-21T19:49:26+00:00'],Why Optimism?,1
https://github.com/aurafinance/aura-contracts-lite/tree/main/audits,[1517227550342369283],[1269408213876846592],['0xMaki'],['2022-04-21T19:43:31+00:00'],aura-contracts-lite/audits at main · aurafinance/aura-contracts-lite · GitHub,1
https://github.com/gakonst/ark-circom,[1517804221160214528],[804029200315334656],['gakonst'],['2022-04-23T09:55:00+00:00'],"GitHub - gakonst/ark-circom: Arkworks bindings to Circom's R1CS, for Groth16 Proof and Witness generation in Rust.",1
https://immunefi.com/,[1517689091407630336],[3012852462],['zachxbt'],['2022-04-23T02:17:31+00:00'],Immunefi,1
https://twitter.com/0xfbifemboy/status/1516579479119835139,[1516632299076558848],[53836928],['tarunchitra'],['2022-04-20T04:18:12+00:00'],,1
https://thisweekinmusicnfts.mirror.xyz/KWMXUo76OXK8JdM2EUq_lyDtHhQse354EiICRdl_50w,[1516522585676079109],[305830702],['Cooopahtroopa'],['2022-04-19T21:02:14+00:00'],This Week in Music NFTs - April 18 — This Week in Music NFTs,1
https://thisweekinmusicnfts.substack.com/,[1516598964438589446],[305830702],['Cooopahtroopa'],['2022-04-20T02:05:44+00:00'],This Week in Music NFTs | Coopahtroopa | Substack,1
https://threatpost.com/browser-in-the-browser-attack-makes-phishing-nearly-invisible/179014/,[1516812879504166913],[19748227],['tayvano_'],['2022-04-20T16:15:46+00:00'],Browser-in-the-Browser Attack Makes Phishing Nearly Invisible | Threatpost,1
https://twitter.com/0xGyver/status/1517496851708190720,[1517497370723991558],[956670268596015105],['iamDCinvestor'],['2022-04-22T13:35:41+00:00'],,1
https://twitter.com/0xMaki/status/1517175837426077697/photo/1,[1517175837426077697],[1269408213876846592],['0xMaki'],['2022-04-21T16:18:02+00:00'],,1
https://twitter.com/0x_Capital/status/1516787284548456458,[1516869603238068225],[7184612],['mdudas'],['2022-04-20T20:01:10+00:00'],,1
https://twitter.com/0xdoug/status/1516941145481396225,[1516943109049004034],[273288231],['danrobinson'],['2022-04-21T00:53:15+00:00'],,1
https://twitter.com/0xpegasusfi/status/1516478741265862657,[1516490289162362880],[24809221],['kaiynne'],['2022-04-19T18:53:54+00:00'],,1
https://status.infura.io/incidents/548jx9y0c1gt,[1517504402713575425],[19748227],['tayvano_'],['2022-04-22T14:03:38+00:00'],"Infura Status - ETH1, Palm, Optimism, Polygon, Filecoin, and Arbitrum API outage",1
https://twitter.com/AnataNFT/status/1517384567329411072,[1517489516978012162],[1978953986],['DegenSpartan'],['2022-04-22T13:04:29+00:00'],,1
https://twitter.com/Awawat_Trades/status/1510622418452480001,[1516999989305946112],[1978953986],['DegenSpartan'],['2022-04-21T04:39:16+00:00'],,1
https://twitter.com/BarrySilbert/status/1516954760716472320,[1516959784276459520],[1978953986],['DegenSpartan'],['2022-04-21T01:59:30+00:00'],,1
https://twitter.com/BitcoinMagazine/status/1516888410018963456,[1516889149474852865],[14710235],['NeerajKA'],['2022-04-20T21:18:50+00:00'],,1
https://twitter.com/Blockworks_/status/1516128639338831888,[1516468567050358785],[61417559],['ErikVoorhees'],['2022-04-19T17:27:35+00:00'],,1
https://twitter.com/BowTiedNightOwl/status/1516562033700966401,[1516584484220841986],[1978953986],['DegenSpartan'],['2022-04-20T01:08:12+00:00'],,1
https://twitter.com/CRYPTOK1RK/status/1516940267881869312,[1516942586887696385],[1978953986],['DegenSpartan'],['2022-04-21T00:51:10+00:00'],,1
https://thedefiant.io/scott-free-infinite-machine/,[1517201016877461505],[421271885],['CamiRusso'],['2022-04-21T17:58:05+00:00'],"Makers of Alien, Gladiator and Blade Runner to Produce The Infinite Machine Movie - The Defiant",1
https://solscan.io/tx/4ZXe6ibwm7sPyCK8FKNBSBsGS1XTzCbgu9EX4thWgiKQyRPeZ7iky75VhXse8zpM2dbqgLCtAryniRRQ6hmBy2Vq,[1516419840185143297],[3012852462],['zachxbt'],['2022-04-19T14:13:58+00:00'],Solscan,1
https://m.imdb.com/title/tt11214590/awards/?ref_=tt_awd,[1517206253638123520],[421271885],['CamiRusso'],['2022-04-21T18:18:53+00:00'],House of Gucci (2021)         - Awards - IMDb,1
https://neerajka.com/p/caving-to-government-censorship-as,[1517593859064274946],[14710235],['NeerajKA'],['2022-04-22T19:59:06+00:00'],Caving to government censorship as a competitive advantage ,1
https://m.youtube.com/watch?v=wfb1oyiisqs,[1516502012749254656],[3012852462],['zachxbt'],['2022-04-19T19:40:29+00:00'],LâHEURE DE LA PLS #7 - Jâatomise quelques escrocs (avec classe). - YouTube,1
https://math.uchicago.edu/~amathew/,[1516635877778337800],[53836928],['tarunchitra'],['2022-04-20T04:32:25+00:00'],"Akhil Mathew's homepage
",1
https://medium.com/@hasufly/maker-dai-stable-but-not-scalable-3107ba730484,[1516874172005298176],[566534886],['hasufl'],['2022-04-20T20:19:19+00:00'],"Maker Dai: Stable, but not scalable | by Hasu | Medium",1
https://metamask.zendesk.com/hc/en-us/articles/4867408571803-Account-Migration-Guide,[1516856126557487104],[19748227],['tayvano_'],['2022-04-20T19:07:37+00:00'],Security check,1
https://mev.day,[1516935624812482561],[804029200315334656],['gakonst'],['2022-04-21T00:23:30+00:00'],"Notion – The all-in-one workspace for your notes, tasks, wikis, and databases.",1
https://modern.finance/episode/nfts-blockchain-powered-art-trading-cards-music-and-more-with-aftab-hossain/,[1517490181410115584],[956670268596015105],['iamDCinvestor'],['2022-04-22T13:07:07+00:00'],"NFTs: Blockchain-Powered Art, Trading Cards, Music, and More with Aftab Hossain – Modern Finance – MoFi",1
https://multicoin.capital/2021/09/16/daos-manage-risk/,[1517132062662311938],[46332443],['KyleSamani'],['2022-04-21T13:24:05+00:00'],"Multicoin Capital: Protocols don’t capture value, DAOs manage risk - Multicoin Capital",1
https://nft.coinbase.com/@dcinvestor,[1516807131315556359],[956670268596015105],['iamDCinvestor'],['2022-04-20T15:52:55+00:00'],@dcinvestor | Coinbase NFT,1
https://solscan.io/account/GugU1tP7doLeTw9hQP51xRJyS8Da1fWxuiy2rVrnMD2m,[1516419840185143297],[3012852462],['zachxbt'],['2022-04-19T14:13:58+00:00'],Solscan,1
https://nft.coinbase.com/@fred,[1516846795774586880],[315991624],['FEhrsam'],['2022-04-20T18:30:32+00:00'],@fred | Coinbase NFT,1
https://nft.coinbase.com/@hasu,[1516874616861597697],[566534886],['hasufl'],['2022-04-20T20:21:05+00:00'],@hasu | Coinbase NFT,1
https://opensea.io/assets/0x674d37ac70e3a946b4a3eb85eeadf3a75407ee41/1280,[1517214297335779329],[421271885],['CamiRusso'],['2022-04-21T18:50:51+00:00'],,1
https://opensea.io/magicarp,[1516070212956827651],[3012852462],['zachxbt'],['2022-04-18T15:04:40+00:00'],,1
https://podcasts.apple.com/us/podcast/hidden-forces/id1205359334?i=1000557897142,[1516416043115237386],[420308365],['nic__carter'],['2022-04-19T13:58:52+00:00'],"
      ‎Hidden Forces: Global Food Shortages & the Need for Energy Security | Doomberg on Apple Podcasts
    ",1
https://podclips.com/ct/uwONqy,[1516598895123615748],[305830702],['Cooopahtroopa'],['2022-04-20T02:05:28+00:00'],Jesse Walden's 'Patronage Plus' Idea About NFTs - PodClips,1
https://securelist.com/the-bluenoroff-cryptocurrency-hunt-is-still-on/105488/,[1516424236113567744],[19748227],['tayvano_'],['2022-04-19T14:31:26+00:00'],The BlueNoroff cryptocurrency hunt is still on | Securelist,1
https://twitter.com/KyleSamani/status/1516791054934200320/photo/1,[1516791054934200320],[46332443],['KyleSamani'],['2022-04-20T14:49:02+00:00'],,1
https://twitter.com/LensProtocol/status/1517161476833742854,[1517162784114417666],[952921795316912133],['StaniKulechov'],['2022-04-21T15:26:09+00:00'],,1
https://twitter.com/Luke_Ethwalker/status/1517203942005903360,[1517300569706483712],[1978953986],['DegenSpartan'],['2022-04-22T00:33:40+00:00'],,1
https://twitter.com/MMKustermann/status/1517424695422992384,[1517425391845085184],[79714172],['zhusu'],['2022-04-22T08:49:40+00:00'],,1
https://twitter.com/gakonst/status/1516823770459082753/video/1,[1516823770459082753],[804029200315334656],['gakonst'],['2022-04-20T16:59:02+00:00'],,1
https://twitter.com/gakonst/status/1517432664596361217/photo/1,[1517432664596361217],[804029200315334656],['gakonst'],['2022-04-22T09:18:34+00:00'],,1
https://twitter.com/gakonst/status/1517460641526816769/photo/1,[1517460641526816769],[804029200315334656],['gakonst'],['2022-04-22T11:09:44+00:00'],,1
https://twitter.com/gakonst/status/1517775285311049738/photo/1,[1517775285311049738],[804029200315334656],['gakonst'],['2022-04-23T08:00:01+00:00'],,1
https://twitter.com/gakonst/status/1517804221160214528/photo/1,[1517804221160214528],[804029200315334656],['gakonst'],['2022-04-23T09:55:00+00:00'],,1
https://twitter.com/giancarlochaux/status/1517532318436667394,[1517580571979010049],[956670268596015105],['iamDCinvestor'],['2022-04-22T19:06:18+00:00'],,1
https://twitter.com/guilleangeris/status/1517440152368463872,[1517440283016847362],[53836928],['tarunchitra'],['2022-04-22T09:48:50+00:00'],,1
https://twitter.com/hasufl/status/1517445546776084481/photo/1,[1517445546776084481],[566534886],['hasufl'],['2022-04-22T10:09:45+00:00'],,1
https://twitter.com/haydenzadams/status/1285394514702749696,[1516388815501414405],[702654540387127296],['haydenzadams'],['2022-04-19T12:10:41+00:00'],,1
https://twitter.com/helium/status/1516811050674319363,[1516951739253022722],[46332443],['KyleSamani'],['2022-04-21T01:27:32+00:00'],,1
https://twitter.com/herbieziskend46/status/1515480385748152322,[1515605322727047168],[5686612],['mayazi'],['2022-04-17T08:17:22+00:00'],,1
https://twitter.com/homieomorphism/status/1517255362738589699,[1517434486329335810],[53836928],['tarunchitra'],['2022-04-22T09:25:48+00:00'],,1
https://twitter.com/i/spaces/1OdKrBABavXKX,[1517175841347846146],[1269408213876846592],['0xMaki'],['2022-04-21T16:18:02+00:00'],,1
https://twitter.com/i/spaces/1nAJEYRmaVRJL,[1517220880400752641],[1269408213876846592],['0xMaki'],['2022-04-21T19:17:01+00:00'],,1
https://twitter.com/i/spaces/1rmGPgmabAYKN,[1517177426052206595],[2178012643],['balajis'],['2022-04-21T16:24:20+00:00'],,1
https://twitter.com/iamDCinvestor/status/1516508007101779968?s=20&t=d0udtU0ip248igUjdpehZg,[1516511230361575433],[956670268596015105],['iamDCinvestor'],['2022-04-19T20:17:07+00:00'],,1
https://twitter.com/iamDCinvestor/status/1516532722616999938/photo/1,[1516532722616999938],[956670268596015105],['iamDCinvestor'],['2022-04-19T21:42:31+00:00'],,1
https://twitter.com/fvckrender/status/1403471996017541120,[1516908121393795072],[19748227],['tayvano_'],['2022-04-20T22:34:13+00:00'],,1
https://twitter.com/foodmasku/status/1517254049980162051,[1517257834278408194],[956670268596015105],['iamDCinvestor'],['2022-04-21T21:43:51+00:00'],,1
https://twitter.com/flynnjamm/status/1516409385815269378,[1516633428552302595],[46332443],['KyleSamani'],['2022-04-20T04:22:41+00:00'],,1
https://twitter.com/dubstard/status/1516284518877048839,[1516812874634522625],[19748227],['tayvano_'],['2022-04-20T16:15:44+00:00'],,1
https://twitter.com/darrensrs/status/1516275733290647554,[1516323134886100993],[5686612],['mayazi'],['2022-04-19T07:49:41+00:00'],,1
https://twitter.com/debussy100/status/1516553956746534913,[1516759839128666121],[7184612],['mdudas'],['2022-04-20T12:45:00+00:00'],,1
https://twitter.com/decent_dao/status/1517526302990946304,[1517530410456080391],[847882255540342784],['AriDavidPaul'],['2022-04-22T15:46:58+00:00'],,1
https://twitter.com/deitaone/status/1516070140693164034,[1516070441605025794],[5686612],['mayazi'],['2022-04-18T15:05:35+00:00'],,1
https://twitter.com/devdoteth/status/1516495730705321996,[1516808929325375490],[19748227],['tayvano_'],['2022-04-20T16:00:04+00:00'],,1
https://twitter.com/dimipast/status/1517511107262521347,[1517511828393570305],[1978953986],['DegenSpartan'],['2022-04-22T14:33:08+00:00'],,1
https://twitter.com/disclosetv/status/1517569243797196801,[1517599661586100224],[420308365],['nic__carter'],['2022-04-22T20:22:09+00:00'],,1
https://twitter.com/elonmusk/status/1517215066550116354,[1517309739834695681],[26377478],['laurashin'],['2022-04-22T01:10:06+00:00'],,1
https://twitter.com/flyingwithsara/status/1516768609619652611,[1517122142793605120],[14710235],['NeerajKA'],['2022-04-21T12:44:40+00:00'],,1
https://twitter.com/epheph/status/1485734858693378049,[1517087061622149120],[19748227],['tayvano_'],['2022-04-21T10:25:16+00:00'],,1
https://twitter.com/epolynya/status/1516962117882052608,[1517038123498098689],[804029200315334656],['gakonst'],['2022-04-21T07:10:48+00:00'],,1
https://twitter.com/eskacie/status/1516501938719780864,[1516913637281058818],[19748227],['tayvano_'],['2022-04-20T22:56:08+00:00'],,1
https://twitter.com/ethmovie/status/1517511014778310658,[1517511851923419139],[421271885],['CamiRusso'],['2022-04-22T14:33:14+00:00'],,1
https://twitter.com/fintechfrank/status/1517511646758981639,[1517516381146824704],[24809221],['kaiynne'],['2022-04-22T14:51:14+00:00'],,1
https://twitter.com/flashfish0x/status/1516378083628093447,[1516733156765978631],[566534886],['hasufl'],['2022-04-20T10:58:58+00:00'],,1
https://twitter.com/floydmayweather/status/1517336632004800513,[1517342504298983425],[3012852462],['zachxbt'],['2022-04-22T03:20:18+00:00'],,1
https://twitter.com/iamDCinvestor/status/1516616841749274624/photo/1,[1516616841749274624],[956670268596015105],['iamDCinvestor'],['2022-04-20T03:16:47+00:00'],,1
https://twitter.com/iamDCinvestor/status/1516881597978529797/photo/1,[1516881597978529797],[956670268596015105],['iamDCinvestor'],['2022-04-20T20:48:49+00:00'],,1
https://twitter.com/iamDCinvestor/status/1516987310583209985/photo/1,[1516987310583209985],[956670268596015105],['iamDCinvestor'],['2022-04-21T03:48:53+00:00'],,1
https://twitter.com/laurashin/status/1516801486478528513,[1516886638080757763],[26377478],['laurashin'],['2022-04-20T21:08:51+00:00'],,1
https://twitter.com/kevimlee/status/1516984290294173696,[1517198056206352385],[956670268596015105],['iamDCinvestor'],['2022-04-21T17:46:19+00:00'],,1
https://twitter.com/keyboardmonkey3/status/1516602736816574471,[1516617618056171523],[956670268596015105],['iamDCinvestor'],['2022-04-20T03:19:52+00:00'],,1
https://twitter.com/koeppelmann/status/1516686566231789573,[1516692711323365378],[1978953986],['DegenSpartan'],['2022-04-20T08:18:15+00:00'],,1
https://twitter.com/kojadesigns/status/1517229491445288960,[1517311401316040704],[956670268596015105],['iamDCinvestor'],['2022-04-22T01:16:43+00:00'],,1
https://twitter.com/kriscoratti/status/1516528357013393410,[1516541806531465216],[420308365],['nic__carter'],['2022-04-19T22:18:37+00:00'],,1
https://twitter.com/laurashin/status/1516395701462253568/photo/1,[1516395701462253568],[26377478],['laurashin'],['2022-04-19T12:38:03+00:00'],,1
https://twitter.com/laurashin/status/1516426406368092176/photo/1,[1516426406368092176],[26377478],['laurashin'],['2022-04-19T14:40:03+00:00'],,1
http://chess.com,[1517702854559080450],[394480074],['rleshner'],['2022-04-23T03:12:12+00:00'],Chess.com - Play Chess Online - Free Games,1
https://twitter.com/kamikaz_eth/status/1516381540905029635,[1516412780127170561],[5686612],['mayazi'],['2022-04-19T13:45:55+00:00'],,1
https://twitter.com/laurashin/status/1516846744159592453/video/1,[1516846744159592453],[26377478],['laurashin'],['2022-04-20T18:30:20+00:00'],,1
https://twitter.com/laurashin/status/1517114939219058688/photo/1,[1517114939219058688],[26377478],['laurashin'],['2022-04-21T12:16:02+00:00'],,1
https://twitter.com/laurashin/status/1517132870208442371/video/1,[1517132870208442371],[26377478],['laurashin'],['2022-04-21T13:27:17+00:00'],,1
https://twitter.com/laurashin/status/1517209627615809536/video/1,[1517209627615809536],[26377478],['laurashin'],['2022-04-21T18:32:18+00:00'],,1
https://twitter.com/laurashin/status/1517254108113260544/photo/1,[1517254108113260544],[26377478],['laurashin'],['2022-04-21T21:29:03+00:00'],,1
https://twitter.com/laurashin/status/1517499976674381826/photo/1,[1517499976674381826],[26377478],['laurashin'],['2022-04-22T13:46:02+00:00'],,1
https://twitter.com/laurashin/status/1517549876455878656/video/1,[1517549876455878656],[26377478],['laurashin'],['2022-04-22T17:04:19+00:00'],,1
https://twitter.com/kamikaz_eth/status/1516381553127231490,[1516427160285757454],[24809221],['kaiynne'],['2022-04-19T14:43:03+00:00'],,1
https://twitter.com/kamikaz_ETH/status/1516381568537104384,[1516399892880850947],[1978953986],['DegenSpartan'],['2022-04-19T12:54:42+00:00'],,1
https://twitter.com/iamDCinvestor/status/1517228300128722946/photo/1,[1517228300128722946],[956670268596015105],['iamDCinvestor'],['2022-04-21T19:46:30+00:00'],,1
https://twitter.com/imdanielallan/status/1516445483467612161?s=20&t=vHksyLyVx9MgZTCfXSZzLA,[1516522580215156736],[305830702],['Cooopahtroopa'],['2022-04-19T21:02:13+00:00'],,1
https://twitter.com/iamDCinvestor/status/1517345546847014913/photo/1,[1517345546847014913],[956670268596015105],['iamDCinvestor'],['2022-04-22T03:32:23+00:00'],,1
https://twitter.com/iamDCinvestor/status/1517517674586202113/photo/1,[1517517674586202113],[956670268596015105],['iamDCinvestor'],['2022-04-22T14:56:22+00:00'],,1
https://twitter.com/iamDCinvestor/status/1517542134269857793/photo/1,[1517542134269857793],[956670268596015105],['iamDCinvestor'],['2022-04-22T16:33:34+00:00'],,1
https://twitter.com/iamDCinvestor/status/1517560275062427648/photo/1,[1517560275062427648],[956670268596015105],['iamDCinvestor'],['2022-04-22T17:45:39+00:00'],,1
https://twitter.com/iamDCinvestor/status/1517561045405024259/photo/1,[1517561045405024259],[956670268596015105],['iamDCinvestor'],['2022-04-22T17:48:42+00:00'],,1
https://twitter.com/iamDCinvestor/status/1517641938790498307/photo/1,[1517641938790498307],[956670268596015105],['iamDCinvestor'],['2022-04-22T23:10:09+00:00'],,1
https://twitter.com/iampaulgrewal/status/1516214020474216448?s=20&t=cVkjZWQtzLUGWFlU8I0Jrg,[1516766573129785354],[47003920],['jchervinsky'],['2022-04-20T13:11:45+00:00'],,1
https://twitter.com/jameskelly_se/status/1517534819688886272,[1517757348647157760],[79714172],['zhusu'],['2022-04-23T06:48:45+00:00'],,1
https://twitter.com/kaiynne/status/1516888224991531009/photo/1,[1516888224991531009],[24809221],['kaiynne'],['2022-04-20T21:15:09+00:00'],,1
https://twitter.com/jchervinsky/status/1517299170247331842/photo/1,[1517299170247331842],[47003920],['jchervinsky'],['2022-04-22T00:28:06+00:00'],,1
https://twitter.com/jchervinsky/status/1517300481181237248/photo/1,[1517300481181237248],[47003920],['jchervinsky'],['2022-04-22T00:33:19+00:00'],,1
https://twitter.com/jerrybrito/status/1517146768143634434?s=21&t=8grz9FOoG29QJzFsZUL85w,[1517233368949088257],[14710235],['NeerajKA'],['2022-04-21T20:06:38+00:00'],,1
https://twitter.com/jerrybrito/status/1517146768143634434?s=21&t=ebHrQlA_z9P2cIn-X2lSwQ,[1517150824266297345],[14710235],['NeerajKA'],['2022-04-21T14:38:38+00:00'],,1
https://twitter.com/jimdaily/status/1516389346735276033,[1516418813952155652],[7184612],['mdudas'],['2022-04-19T14:09:53+00:00'],,1
https://twitter.com/jpkcambridge/status/1516332593570058242,[1516348173299576835],[5686612],['mayazi'],['2022-04-19T09:29:11+00:00'],,1
https://twitter.com/juldreamdesign/status/1403300042266578946,[1516908331675258881],[19748227],['tayvano_'],['2022-04-20T22:35:03+00:00'],,1
https://twitter.com/danielesalatti/status/1516454022806310914,[1516486082493358085],[2024211],['austingriffith'],['2022-04-19T18:37:11+00:00'],,1
https://twitter.com/cyberoverdrive/status/1516439414817402887,[1516812872986226688],[19748227],['tayvano_'],['2022-04-20T16:15:44+00:00'],,1
https://twitter.com/cusecheer/status/1515598865059262465,[1515601713947938817],[5686612],['mayazi'],['2022-04-17T08:03:01+00:00'],,1
https://twitter.com/WuBlockchain/status/1517124429737648129,[1517133237038239745],[1978953986],['DegenSpartan'],['2022-04-21T13:28:45+00:00'],,1
https://twitter.com/TheStalwart/status/1516515542475100165,[1516516817937723392],[804029200315334656],['gakonst'],['2022-04-19T20:39:19+00:00'],,1
https://twitter.com/ThinkingBitmex/status/1517088403719802880,[1517089707431436290],[79714172],['zhusu'],['2022-04-21T10:35:47+00:00'],,1
https://twitter.com/Timccopeland/status/1517046892345049090,[1517048629856718850],[1978953986],['DegenSpartan'],['2022-04-21T07:52:33+00:00'],,1
https://twitter.com/VitalikButerin/status/1516249245078142987/photo/1,[1516249245078142987],[295218901],['VitalikButerin'],['2022-04-19T02:56:05+00:00'],,1
https://twitter.com/VitalikButerin/status/1516256754404896772/photo/1,[1516256754404896772],[295218901],['VitalikButerin'],['2022-04-19T03:25:55+00:00'],,1
https://twitter.com/VitalikButerin/status/1516319365167292416,[1516321583010361346],[295218901],['VitalikButerin'],['2022-04-19T07:43:31+00:00'],,1
https://twitter.com/WhatBitcoinDid/status/1517116159602135040,[1517158602670166018],[420308365],['nic__carter'],['2022-04-21T15:09:32+00:00'],,1
https://twitter.com/_johnwhelan/status/1517105528777936897,[1517107507734491144],[2193616844],['twobitidiot'],['2022-04-21T11:46:30+00:00'],,1
https://twitter.com/StaniKulechov/status/1517646494886727681/photo/1,[1517646494886727681],[952921795316912133],['StaniKulechov'],['2022-04-22T23:28:15+00:00'],,1
https://twitter.com/adamscochran/status/1517346735995207680,[1517349807450435584],[956670268596015105],['iamDCinvestor'],['2022-04-22T03:49:19+00:00'],,1
https://twitter.com/adlabossiere/status/1516788896583106564,[1516791054934200320],[46332443],['KyleSamani'],['2022-04-20T14:49:02+00:00'],,1
https://twitter.com/aniiyengar/status/1516566807603073027,[1516639681248587780],[804029200315334656],['gakonst'],['2022-04-20T04:47:32+00:00'],,1
https://twitter.com/anothercohen/status/1515365261196541957,[1516404308841238530],[79714172],['zhusu'],['2022-04-19T13:12:15+00:00'],,1
https://twitter.com/ape2047/status/1506382556576595974,[1517358600976543744],[956670268596015105],['iamDCinvestor'],['2022-04-22T04:24:16+00:00'],,1
https://twitter.com/arbitragegoth/status/1516916512052850688,[1516967307335057409],[53836928],['tarunchitra'],['2022-04-21T02:29:24+00:00'],,1
https://twitter.com/armaniferrante/status/1516425854183690257,[1516452981293600775],[46332443],['KyleSamani'],['2022-04-19T16:25:39+00:00'],,1
https://twitter.com/SuperteamDAO/status/1516795050142883844,[1517206483351441408],[14379660],['brian_armstrong'],['2022-04-21T18:19:48+00:00'],,1
https://twitter.com/StaniKulechov/status/1517554904092626944/video/1,[1517554904092626944],[952921795316912133],['StaniKulechov'],['2022-04-22T17:24:18+00:00'],,1
https://twitter.com/baytalfann/status/1517074277312389121,[1517332183131869189],[2363290915],['Melt_Dem'],['2022-04-22T02:39:17+00:00'],,1
https://twitter.com/NeerajKA/status/1517155579801706499/photo/1,[1517155579801706499],[14710235],['NeerajKA'],['2022-04-21T14:57:32+00:00'],,1
https://twitter.com/Mastersintradng/status/1517227474018619393,[1517242440436305920],[26377478],['laurashin'],['2022-04-21T20:42:41+00:00'],,1
https://twitter.com/Melt_Dem/status/1517572931857043461/photo/1,[1517572931857043461],[2363290915],['Melt_Dem'],['2022-04-22T18:35:56+00:00'],,1
https://twitter.com/Melt_Dem/status/1517586892358832136/photo/1,[1517586892358832136],[2363290915],['Melt_Dem'],['2022-04-22T19:31:25+00:00'],,1
https://twitter.com/MessariCrypto/status/1517595351678697474,[1517605620421169154],[2193616844],['twobitidiot'],['2022-04-22T20:45:50+00:00'],,1
https://twitter.com/NeerajKA/status/1516566153514074120/photo/1,[1516566153514074120],[14710235],['NeerajKA'],['2022-04-19T23:55:22+00:00'],,1
https://twitter.com/NeerajKA/status/1516931554550947840/photo/1,[1516931554550947840],[14710235],['NeerajKA'],['2022-04-21T00:07:20+00:00'],,1
https://twitter.com/NeerajKA/status/1517141126825709568/photo/1,[1517141126825709568],[14710235],['NeerajKA'],['2022-04-21T14:00:06+00:00'],,1
https://twitter.com/NeerajKA/status/1517629829373472768/photo/1,[1517629829373472768],[14710235],['NeerajKA'],['2022-04-22T22:22:02+00:00'],,1
https://twitter.com/RyanSAdams/status/1517515771441778689,[1517516495273836547],[956670268596015105],['iamDCinvestor'],['2022-04-22T14:51:41+00:00'],,1
https://twitter.com/NeerajKA/status/1517659189065232384/photo/1,[1517659189065232384],[14710235],['NeerajKA'],['2022-04-23T00:18:42+00:00'],,1
https://twitter.com/NeerajKA/status/1517727597328744451/photo/1,[1517727597328744451],[14710235],['NeerajKA'],['2022-04-23T04:50:31+00:00'],,1
https://twitter.com/NoahCitron/status/1516580030876459013,[1516812481200463879],[19748227],['tayvano_'],['2022-04-20T16:14:11+00:00'],,1
https://twitter.com/OrangeDAOxyz/status/1517105740405743616/photo/1,[1517105740405743616],[1438586226341150721],['OrangeDAOxyz'],['2022-04-21T11:39:29+00:00'],,1
https://twitter.com/OrangeDAOxyz/status/1517428308803268610/photo/1,[1517428308803268610],[1438586226341150721],['OrangeDAOxyz'],['2022-04-22T09:01:15+00:00'],,1
https://twitter.com/PhantomMedalli1/status/1517004577979396096,[1517006350324482050],[1978953986],['DegenSpartan'],['2022-04-21T05:04:33+00:00'],,1
https://twitter.com/RyanBerckmans/status/1516599867937894408,[1516601251684925446],[2259434528],['cobie'],['2022-04-20T02:14:50+00:00'],,1
https://twitter.com/artnome/status/1517461433679859713,[1517489955555233796],[956670268596015105],['iamDCinvestor'],['2022-04-22T13:06:13+00:00'],,1
https://twitter.com/berachain/status/1516965162414227457,[1516968656865009665],[53836928],['tarunchitra'],['2022-04-21T02:34:46+00:00'],,1
https://twitter.com/crypto_mckenna/status/1517213681351811072,[1517225448404627459],[24809221],['kaiynne'],['2022-04-21T19:35:10+00:00'],,1
https://twitter.com/cobie/status/1517377359238037504/photo/1,[1517377359238037504],[2259434528],['cobie'],['2022-04-22T05:38:48+00:00'],,1
https://twitter.com/cobie/status/1517086096173469697,[1517139796681904129],[956670268596015105],['iamDCinvestor'],['2022-04-21T13:54:49+00:00'],,1
https://twitter.com/cobie/status/1517086096173469697/photo/1,[1517086096173469697],[2259434528],['cobie'],['2022-04-21T10:21:26+00:00'],,1
https://twitter.com/cobie/status/1517094840798179328/photo/1,[1517094840798179328],[2259434528],['cobie'],['2022-04-21T10:56:10+00:00'],,1
https://twitter.com/cobie/status/1517105821158887430/photo/1,[1517105821158887430],[2259434528],['cobie'],['2022-04-21T11:39:48+00:00'],,1
https://twitter.com/cobie/status/1517179928818909184/photo/1,[1517179928818909184],[2259434528],['cobie'],['2022-04-21T16:34:17+00:00'],,1
https://twitter.com/cobie/status/1517343147843813376/photo/1,[1517343147843813376],[2259434528],['cobie'],['2022-04-22T03:22:51+00:00'],,1
https://twitter.com/cobie/status/1517346390812540928/photo/1,[1517346390812540928],[2259434528],['cobie'],['2022-04-22T03:35:45+00:00'],,1
https://twitter.com/cobie/status/1517383707778510850,[1517390987324452866],[2259434528],['cobie'],['2022-04-22T06:32:57+00:00'],,1
https://twitter.com/cobie/status/1516710683915792386/photo/1,[1516710683915792386],[2259434528],['cobie'],['2022-04-20T09:29:40+00:00'],,1
https://twitter.com/cobie/status/1517395286255374336/photo/1,[1517395286255374336],[2259434528],['cobie'],['2022-04-22T06:50:02+00:00'],,1
https://twitter.com/cobie/status/1517805226476060672/photo/1,[1517805226476060672],[2259434528],['cobie'],['2022-04-23T09:59:00+00:00'],,1
https://twitter.com/coinbase/status/1517245878783729664,[1517352117781950464],[14379660],['brian_armstrong'],['2022-04-22T03:58:30+00:00'],,1
https://twitter.com/coindesk/status/1517488906245218305,[1517490775017238528],[313724502],['sassal0x'],['2022-04-22T13:09:29+00:00'],,1
https://twitter.com/coingecko/status/1516768672882184192,[1517125092580413441],[20745781],['bobbyong'],['2022-04-21T12:56:23+00:00'],,1
https://twitter.com/context/status/1517217853812129792,[1517223997951430656],[26149295],['jessewldn'],['2022-04-21T19:29:24+00:00'],,1
https://twitter.com/craigjson/status/1517548570525765637,[1517548704374263808],[53836928],['tarunchitra'],['2022-04-22T16:59:40+00:00'],,1
https://twitter.com/cobie/status/1516987305449639936/photo/1,[1516987305449639936],[2259434528],['cobie'],['2022-04-21T03:48:52+00:00'],,1
https://twitter.com/cobie/status/1516624805402980352/photo/1,[1516624805402980352],[2259434528],['cobie'],['2022-04-20T03:48:25+00:00'],,1
https://twitter.com/bestvideosofct/status/1491923973222895618,[1516180501131939849],[3012852462],['zachxbt'],['2022-04-18T22:22:55+00:00'],,1
https://twitter.com/camirusso/status/1517200806952452096,[1517240913180954625],[956670268596015105],['iamDCinvestor'],['2022-04-21T20:36:37+00:00'],,1
https://twitter.com/bestvideosofct/status/1515346324778098692,[1515768007162744837],[3012852462],['zachxbt'],['2022-04-17T19:03:49+00:00'],,1
https://twitter.com/bestvideosofct/status/1515765229807931394,[1515768012548321283],[3012852462],['zachxbt'],['2022-04-17T19:03:50+00:00'],,1
https://twitter.com/bitcoinzay/status/1516476285584879622,[1516808395612774411],[61417559],['ErikVoorhees'],['2022-04-20T15:57:57+00:00'],,1
https://twitter.com/bitxolino/status/1517032618528804865,[1517033200178327552],[1978953986],['DegenSpartan'],['2022-04-21T06:51:14+00:00'],,1
https://twitter.com/bowtiednightowl/status/1516478949219606535,[1516924876992434181],[3012852462],['zachxbt'],['2022-04-20T23:40:48+00:00'],,1
https://twitter.com/brian_armstrong/status/1517011351566053376/photo/1,[1517011351566053376],[14379660],['brian_armstrong'],['2022-04-21T05:24:25+00:00'],,1
https://twitter.com/buzea200/status/1517146946225328137,[1517155164234272768],[2024211],['austingriffith'],['2022-04-21T14:55:53+00:00'],,1
https://twitter.com/chaintuts/status/1516811849873907724,[1516812876492673028],[19748227],['tayvano_'],['2022-04-20T16:15:45+00:00'],,1
https://twitter.com/cobie/status/1516606847482048515/photo/1,[1516606847482048515],[2259434528],['cobie'],['2022-04-20T02:37:04+00:00'],,1
https://twitter.com/cindyleowtt/status/1516438991989456900,[1516453117298106371],[46332443],['KyleSamani'],['2022-04-19T16:26:12+00:00'],,1
https://twitter.com/cobie/status/1516575274959257600/photo/1,[1516575274959257600],[2259434528],['cobie'],['2022-04-20T00:31:36+00:00'],,1
https://twitter.com/cobie/status/1516584030833152003,[1516966398815502336],[2259434528],['cobie'],['2022-04-21T02:25:48+00:00'],,1
https://twitter.com/cobie/status/1516587982588985350/photo/1,[1516587982588985350],[2259434528],['cobie'],['2022-04-20T01:22:06+00:00'],,1
https://twitter.com/cobie/status/1516593694861897732,[1516595839547977728],[2259434528],['cobie'],['2022-04-20T01:53:19+00:00'],,1
https://twitter.com/cobie/status/1516599731757240320/photo/1,[1516599731757240320],[2259434528],['cobie'],['2022-04-20T02:08:47+00:00'],,1
https://twitter.com/cobie/status/1516600655896580099/photo/1,[1516600655896580099],[2259434528],['cobie'],['2022-04-20T02:12:28+00:00'],,1
https://youtu.be/h4qgpTalQFQ,[1517254921468493824],[956670268596015105],['iamDCinvestor'],['2022-04-21T21:32:17+00:00'],U.S. economy is very strong: Fed Chairman Jerome Powell - YouTube,1
https://test.com,[1],[2],['test'],['2022-04-21T21:32:17+00:00'],My test post
